systolic_bp,diastolic_bp,temperature_f,spo2,health_status
118.8,74.6,98.2,95.8,normal
96.5,77.3,98.2,98.5,normal
119.2,76.6,97.4,95.9,normal
102.6,70.5,97.9,96.5,normal
86.5,55.5,96.0,91.9,at_risk
69.0,49.7,92.0,83.0,critical
98.1,69.9,97.1,99.5,normal
111.6,66.2,98.0,97.7,normal
119.2,75.5,98.9,99.5,normal
138.4,85.2,99.8,92.3,at_risk
170.4,114.1,93.2,70.1,critical
175.3,49.3,94.6,78.5,critical
104.3,73.4,98.3,98.0,normal
109.0,67.7,98.9,99.2,normal
124.7,57.1,95.5,92.5,at_risk
107.7,78.2,97.5,97.1,normal
124.6,59.4,96.2,91.8,at_risk
105.4,77.7,97.6,95.6,normal
117.7,65.4,98.3,95.0,normal
102.6,63.3,98.1,97.4,normal
125.4,83.2,95.2,93.8,at_risk
107.4,66.0,97.6,95.2,normal
130.1,58.2,96.0,92.2,at_risk
121.6,56.8,100.9,90.4,at_risk
156.0,43.3,103.0,76.6,critical
118.5,68.0,98.0,99.2,normal
134.7,56.3,96.9,92.1,at_risk
97.3,77.9,98.8,98.2,normal
103.7,74.5,98.8,99.4,normal
85.4,58.3,99.1,93.9,at_risk
102.6,69.7,97.9,100.0,normal
95.5,69.9,97.4,96.8,normal
86.5,80.9,96.2,91.6,at_risk
75.9,109.4,103.6,80.9,critical
90.0,89.5,100.4,91.7,at_risk
188.2,99.2,104.0,77.5,critical
61.4,49.9,92.9,84.1,critical
134.0,57.1,96.7,90.0,at_risk
85.4,88.0,96.1,92.3,at_risk
106.6,70.9,97.6,98.0,normal
95.9,76.5,97.7,95.6,normal
135.4,59.2,100.1,90.6,at_risk
119.2,74.3,97.1,97.0,normal
113.6,65.0,97.4,95.4,normal
112.2,61.2,98.8,97.2,normal
97.3,63.7,98.9,98.2,normal
133.1,56.2,99.4,90.5,at_risk
96.0,77.1,98.4,97.4,normal
107.3,69.5,97.3,97.2,normal
110.4,72.7,97.1,96.9,normal
130.1,58.1,95.1,92.5,at_risk
173.9,103.7,94.5,87.2,critical
96.7,62.0,97.0,95.5,normal
86.6,86.8,99.6,91.4,at_risk
142.0,98.5,104.7,77.8,critical
114.4,66.8,98.9,99.3,normal
113.8,75.1,97.2,99.5,normal
136.5,81.0,100.7,93.8,at_risk
87.5,84.5,100.1,93.2,at_risk
121.8,90.0,95.7,93.9,critical
89.3,58.5,96.7,90.3,at_risk
119.7,67.5,97.7,99.1,normal
75.1,44.8,93.3,76.3,critical
101.3,68.1,98.1,98.7,normal
136.5,85.8,100.0,90.9,at_risk
140.6,99.7,106.0,83.2,critical
99.2,64.3,97.6,100.0,normal
127.7,59.8,99.8,91.1,at_risk
106.6,67.1,98.2,95.4,normal
189.3,98.4,92.5,71.4,critical
160.8,49.3,92.5,77.2,critical
189.4,112.5,94.5,70.7,critical
95.3,61.5,98.4,97.7,normal
138.3,89.4,99.5,93.8,at_risk
88.4,80.5,96.0,93.3,at_risk
115.4,79.4,97.2,99.0,normal
129.6,86.2,96.2,91.4,at_risk
127.8,87.3,100.5,92.1,at_risk
135.9,56.3,96.2,91.3,at_risk
124.8,84.6,96.3,92.8,at_risk
116.9,70.3,98.9,98.0,normal
115.5,66.9,97.7,95.2,normal
86.8,83.6,99.7,92.5,at_risk
116.8,78.4,97.1,96.4,normal
177.4,49.2,93.1,83.7,critical
98.7,62.7,98.4,99.2,normal
89.3,85.3,100.4,91.3,at_risk
103.2,62.4,98.8,98.0,normal
135.8,85.8,100.4,91.5,at_risk
117.5,72.2,97.5,97.5,normal
118.3,60.2,97.5,96.8,normal
85.4,81.7,99.2,93.9,at_risk
104.9,79.4,98.7,99.1,normal
99.3,73.4,98.9,97.8,normal
88.8,58.6,100.0,92.8,at_risk
121.7,84.8,99.8,90.3,at_risk
156.1,94.2,104.8,85.1,critical
116.3,74.9,97.8,99.7,normal
150.3,45.7,105.3,73.8,critical
99.1,76.3,98.3,97.6,normal
116.9,67.8,98.6,97.2,normal
106.6,66.0,98.5,97.5,normal
117.5,67.7,98.1,99.5,normal
122.3,58.5,96.2,93.0,at_risk
140.0,58.7,99.5,93.5,critical
115.5,62.2,98.7,95.6,normal
114.9,63.0,97.5,98.6,normal
88.5,58.0,96.7,90.9,at_risk
102.2,72.3,98.8,95.7,normal
101.4,74.5,98.2,95.5,normal
179.5,45.8,92.2,87.8,critical
162.5,95.0,105.8,74.3,critical
88.7,88.0,95.8,93.7,at_risk
103.7,74.8,97.9,96.1,normal
122.8,81.7,96.1,90.9,at_risk
107.9,79.5,97.9,97.8,normal
166.8,107.9,94.4,73.9,critical
95.9,69.4,98.1,95.3,normal
87.6,84.8,99.4,90.3,at_risk
89.5,55.1,96.7,90.1,at_risk
100.8,73.4,97.0,95.5,normal
123.6,59.0,100.4,93.9,at_risk
147.1,116.9,94.5,73.4,critical
128.4,86.2,96.2,93.3,at_risk
114.3,67.3,98.7,96.1,normal
62.3,48.9,103.5,75.1,critical
86.3,57.1,100.0,92.7,at_risk
166.5,98.2,104.5,70.2,critical
117.5,77.5,98.2,98.0,normal
89.6,58.9,99.2,90.7,at_risk
114.3,61.4,98.7,97.2,normal
72.2,46.6,93.5,70.6,critical
109.9,61.0,98.0,98.0,normal
114.3,62.1,97.2,98.6,normal
133.8,55.4,95.6,90.4,at_risk
115.2,79.2,98.6,98.5,normal
121.7,87.3,96.2,91.0,at_risk
124.4,55.2,100.8,91.9,at_risk
98.0,74.6,97.4,95.6,normal
114.9,74.9,97.1,97.3,normal
88.3,55.6,96.1,92.9,at_risk
102.9,70.8,98.6,96.6,normal
88.1,57.3,99.1,91.5,at_risk
143.5,113.0,93.7,88.7,critical
128.4,87.3,95.6,92.9,at_risk
125.5,56.9,99.3,93.1,at_risk
105.4,77.6,98.9,97.3,normal
123.3,59.2,96.0,90.2,at_risk
95.9,79.1,98.7,99.0,normal
87.6,55.9,100.0,90.6,at_risk
151.2,91.0,103.3,75.2,critical
89.3,88.1,95.6,91.5,at_risk
113.1,69.9,97.2,96.1,normal
89.3,88.8,95.7,92.2,at_risk
70.4,109.8,103.5,83.3,critical
132.4,88.8,96.6,93.3,at_risk
117.7,60.0,98.1,98.8,normal
99.8,61.7,97.7,97.8,normal
104.4,60.2,98.6,95.6,normal
95.5,68.6,98.7,97.0,normal
113.8,75.8,97.3,98.9,normal
148.3,43.5,94.6,88.5,critical
177.5,101.5,104.0,74.8,critical
99.0,69.4,98.9,95.5,normal
166.4,40.8,103.7,88.1,critical
105.8,78.9,97.8,98.2,normal
101.9,79.7,97.8,99.5,normal
100.3,60.6,98.3,96.8,normal
79.4,40.9,94.5,70.3,critical
89.6,86.2,96.2,92.7,at_risk
100.0,69.8,97.1,97.9,normal
114.9,66.2,97.9,95.1,normal
104.8,69.6,98.2,96.5,normal
88.9,87.2,96.9,90.1,at_risk
86.7,56.6,96.7,90.1,at_risk
104.9,62.7,98.1,98.4,normal
150.0,118.5,103.1,81.6,critical
118.4,78.9,98.3,98.9,normal
88.3,59.1,95.2,92.9,at_risk
96.5,64.9,97.3,99.4,normal
119.4,66.7,97.4,98.9,normal
87.8,56.7,96.3,91.6,at_risk
105.5,64.1,98.7,95.9,normal
160.8,43.7,104.5,81.0,critical
113.1,69.7,98.7,99.5,normal
101.9,71.8,98.8,96.1,normal
132.6,57.0,95.5,92.1,at_risk
96.7,68.7,97.2,97.0,normal
131.6,81.6,99.8,91.3,at_risk
122.6,59.4,96.0,92.7,at_risk
106.2,71.8,98.9,96.3,normal
104.5,72.1,97.7,97.7,normal
134.1,88.7,99.2,92.1,at_risk
62.4,95.4,92.1,77.6,critical
133.7,86.4,99.6,92.7,at_risk
95.7,66.2,98.4,96.0,normal
85.5,81.6,99.4,93.9,at_risk
95.4,64.9,98.7,99.3,normal
89.0,56.1,100.6,90.4,at_risk
140.0,88.7,100.5,90.4,critical
135.3,88.1,99.7,90.5,at_risk
86.6,86.1,99.8,92.2,at_risk
95.4,71.7,97.3,98.2,normal
87.7,85.2,100.6,91.6,at_risk
88.0,58.7,100.8,91.7,at_risk
79.1,117.8,92.6,79.2,critical
102.1,66.1,98.6,97.7,normal
110.3,74.3,97.5,97.1,normal
99.5,73.6,97.4,97.6,normal
87.8,57.1,96.1,92.1,at_risk
95.1,72.8,98.0,98.0,normal
132.9,59.5,95.6,91.1,at_risk
73.4,113.0,104.8,86.5,critical
130.7,58.0,100.2,92.4,at_risk
139.8,86.8,100.4,91.4,at_risk
66.7,40.8,104.9,76.1,critical
103.9,61.4,98.0,95.3,normal
70.8,46.8,93.0,71.0,critical
104.1,79.9,97.9,96.7,normal
121.8,56.0,99.8,93.0,at_risk
111.6,75.9,98.9,96.2,normal
98.8,79.8,98.9,97.7,normal
72.5,113.6,94.3,71.2,critical
100.7,66.8,97.8,96.7,normal
107.7,76.5,97.6,99.7,normal
148.1,48.5,93.2,85.5,critical
116.9,77.4,98.6,99.0,normal
97.0,68.1,97.3,98.5,normal
119.4,72.8,98.6,95.7,normal
69.7,48.3,104.5,82.7,critical
107.0,70.1,97.5,95.4,normal
122.4,57.2,100.6,92.5,at_risk
123.0,56.1,95.2,91.2,at_risk
99.3,61.5,98.6,96.3,normal
112.3,72.4,98.3,96.1,normal
100.5,63.5,98.3,99.2,normal
87.0,56.8,100.0,93.1,at_risk
105.4,69.6,97.0,96.3,normal
122.7,83.2,100.9,90.2,at_risk
101.6,72.9,98.0,96.3,normal
98.2,77.3,97.5,98.3,normal
77.2,113.6,103.3,83.1,critical
101.4,76.8,97.1,99.5,normal
132.7,84.5,99.2,90.4,at_risk
61.0,92.5,105.4,88.2,critical
127.1,89.7,99.4,92.2,at_risk
143.4,92.5,105.3,77.3,critical
98.0,72.3,98.5,98.2,normal
120.8,57.4,100.2,92.1,at_risk
123.1,89.3,96.1,92.5,at_risk
62.4,104.9,103.9,86.7,critical
108.6,72.7,97.4,99.9,normal
85.9,81.8,99.6,90.7,at_risk
113.1,76.4,97.4,97.5,normal
176.6,46.1,104.7,81.0,critical
63.2,90.3,105.6,77.6,critical
71.1,46.1,94.4,80.0,critical
76.7,96.1,105.0,75.8,critical
189.8,47.8,104.8,70.0,critical
95.7,63.3,97.4,96.9,normal
116.9,70.2,98.4,95.5,normal
112.6,61.1,98.0,98.0,normal
120.5,80.8,100.4,93.2,at_risk
128.8,87.4,99.5,93.1,at_risk
85.9,86.4,96.9,91.5,at_risk
131.8,89.8,99.1,92.8,at_risk
179.1,102.9,104.4,78.7,critical
122.7,59.5,96.5,90.9,at_risk
105.0,78.5,97.9,95.1,normal
96.1,60.7,97.6,96.4,normal
139.5,58.9,99.4,90.3,at_risk
147.0,113.2,94.0,72.4,critical
76.6,47.3,105.9,73.8,critical
89.9,89.7,95.5,90.4,at_risk
130.9,88.6,96.1,90.3,at_risk
85.8,56.1,99.9,93.0,at_risk
114.7,62.2,97.7,99.9,normal
129.9,56.7,95.1,93.5,at_risk
183.5,106.8,92.2,76.5,critical
104.8,76.0,97.7,97.3,normal
97.3,68.8,97.4,95.9,normal
103.9,75.1,97.6,96.6,normal
89.5,58.5,99.4,93.6,at_risk
119.6,62.8,97.4,95.9,normal
63.0,114.0,94.4,76.1,critical
62.4,41.7,94.0,70.2,critical
88.6,82.1,96.6,93.7,at_risk
114.0,79.8,98.8,98.3,normal
101.4,76.4,98.8,97.6,normal
97.8,61.7,98.4,97.1,normal
177.0,46.2,94.4,88.6,critical
88.4,83.1,96.6,94.0,at_risk
96.9,66.8,98.7,96.1,normal
96.7,75.3,97.8,98.8,normal
76.1,109.9,105.6,72.1,critical
106.5,77.3,98.1,96.9,normal
145.5,40.3,103.8,88.5,critical
175.0,118.9,104.9,86.6,critical
112.6,70.8,97.2,96.2,normal
106.7,66.0,98.2,96.5,normal
113.6,61.0,98.8,99.3,normal
131.9,57.7,100.5,91.1,at_risk
88.3,88.3,100.4,92.7,at_risk
183.9,40.8,104.3,76.5,critical
99.3,79.0,97.9,98.9,normal
85.7,57.4,99.6,93.0,at_risk
132.7,55.2,95.4,91.9,at_risk
88.1,56.4,100.2,90.0,at_risk
95.9,62.2,97.7,99.0,normal
86.5,82.8,100.2,93.5,at_risk
88.4,55.7,99.4,91.6,at_risk
72.2,47.2,105.5,70.0,critical
85.2,55.6,100.5,90.5,at_risk
113.8,61.4,97.2,96.8,normal
73.6,46.0,104.9,72.9,critical
110.9,74.8,98.1,99.1,normal
73.9,98.9,94.7,80.6,critical
113.2,73.0,98.7,98.5,normal
111.8,65.5,97.6,98.9,normal
115.0,76.4,98.7,99.6,normal
103.0,71.6,97.7,98.0,normal
86.9,81.7,95.7,91.4,at_risk
127.6,80.7,96.6,91.5,at_risk
119.7,69.1,98.4,95.7,normal
120.6,55.5,95.8,91.6,at_risk
98.7,69.8,97.3,99.2,normal
104.4,69.5,97.9,100.0,normal
88.0,56.9,100.5,92.2,at_risk
135.2,83.6,95.2,92.7,at_risk
115.8,70.9,97.3,97.9,normal
76.3,49.9,93.0,81.8,critical
104.9,60.8,98.0,97.7,normal
119.1,78.2,98.4,97.7,normal
75.8,91.7,105.6,88.0,critical
88.8,56.9,100.0,91.5,at_risk
129.8,57.3,96.5,93.2,at_risk
139.9,59.2,99.5,91.8,at_risk
89.6,59.6,96.3,92.5,at_risk
136.4,82.1,95.5,93.3,at_risk
95.4,74.8,98.7,98.7,normal
113.8,75.4,98.3,98.8,normal
170.7,42.8,104.2,80.4,critical
131.5,57.6,95.3,93.2,at_risk
121.0,56.1,96.5,90.6,at_risk
95.6,71.7,98.7,97.7,normal
95.8,64.3,97.8,98.8,normal
113.0,77.3,97.9,99.1,normal
87.6,59.1,96.1,90.6,at_risk
87.5,88.8,99.2,90.4,at_risk
114.6,74.3,98.2,99.5,normal
86.7,87.4,100.6,93.4,at_risk
114.7,77.8,97.9,99.5,normal
119.1,61.8,98.4,97.5,normal
110.8,74.1,97.0,95.8,normal
89.8,81.3,99.6,92.5,at_risk
145.2,105.0,103.3,77.0,critical
114.2,68.3,98.6,99.3,normal
111.4,69.4,98.8,96.1,normal
86.5,89.3,99.7,92.7,at_risk
131.6,55.3,100.5,93.3,at_risk
104.5,66.7,97.0,95.6,normal
107.3,68.1,98.1,98.0,normal
106.6,79.3,98.0,98.4,normal
114.3,75.5,98.0,99.9,normal
95.4,75.4,98.6,95.6,normal
95.4,65.9,98.5,97.6,normal
104.3,60.0,97.6,98.2,normal
182.4,46.1,93.2,87.1,critical
138.7,57.4,100.1,93.1,at_risk
79.3,42.0,92.4,86.1,critical
101.9,79.6,98.1,99.5,normal
111.1,76.2,98.9,96.7,normal
85.3,80.6,95.5,90.5,at_risk
166.5,49.6,94.4,80.4,critical
106.5,71.2,98.7,97.4,normal
173.7,48.5,92.3,88.1,critical
175.6,44.6,92.2,70.2,critical
115.7,74.6,97.7,98.5,normal
118.8,79.3,97.8,99.3,normal
126.2,55.8,96.6,90.0,at_risk
103.9,78.5,97.5,98.2,normal
103.0,77.0,98.5,95.5,normal
95.7,69.6,98.3,95.6,normal
104.9,78.4,99.0,95.2,normal
127.4,80.3,95.7,94.0,at_risk
109.3,68.3,98.7,99.5,normal
188.7,40.4,92.4,75.4,critical
169.1,102.8,103.8,87.2,critical
160.0,45.0,92.8,76.3,critical
61.4,98.9,94.4,70.9,critical
86.8,81.5,99.2,90.2,at_risk
114.1,60.0,97.8,97.6,normal
119.3,64.5,97.6,96.5,normal
95.0,74.6,98.9,96.1,normal
134.8,86.1,96.6,90.5,at_risk
120.0,68.1,97.4,98.8,normal
123.0,85.4,99.6,93.8,at_risk
101.6,72.0,97.6,98.6,normal
122.1,81.7,96.4,90.4,at_risk
146.1,115.9,92.4,76.4,critical
74.0,44.4,104.5,79.6,critical
117.7,60.3,98.6,95.6,normal
132.3,82.3,96.1,90.2,at_risk
134.4,89.6,95.3,93.2,at_risk
86.6,86.7,96.8,93.3,at_risk
73.5,95.6,103.9,87.8,critical
116.9,72.1,97.5,96.8,normal
103.3,73.6,97.1,96.0,normal
119.6,75.7,98.5,95.6,normal
88.0,56.4,95.1,92.1,at_risk
119.3,62.3,97.8,98.7,normal
86.7,58.0,95.6,92.2,at_risk
122.9,80.8,99.9,92.5,at_risk
125.3,83.7,100.4,92.1,at_risk
95.1,63.5,97.2,97.2,normal
124.3,57.9,99.8,90.1,at_risk
125.1,58.6,96.3,92.7,at_risk
86.6,59.6,100.7,92.9,at_risk
109.7,72.3,98.3,96.2,normal
121.8,59.6,99.5,90.3,at_risk
68.5,46.7,93.0,85.3,critical
70.9,101.9,105.2,84.6,critical
100.2,76.0,97.7,99.3,normal
183.0,103.6,94.5,78.4,critical
85.3,58.9,95.6,91.6,at_risk
120.6,57.0,99.8,90.6,at_risk
99.6,73.3,98.8,99.1,normal
86.4,57.2,100.1,90.3,at_risk
181.4,43.3,92.8,86.7,critical
104.8,71.1,98.0,96.0,normal
173.8,103.9,104.8,77.8,critical
127.7,55.0,96.5,90.6,at_risk
95.5,63.3,98.8,96.2,normal
97.6,64.4,98.0,98.0,normal
96.4,67.8,97.5,96.1,normal
170.8,112.6,105.1,73.9,critical
108.7,71.5,97.0,99.7,normal
129.9,81.4,99.3,90.8,at_risk
128.4,88.6,96.2,92.9,at_risk
73.9,48.2,92.4,85.0,critical
123.7,55.1,99.8,91.1,at_risk
96.0,69.6,97.4,98.7,normal
79.6,101.3,94.8,76.1,critical
103.8,67.5,97.1,96.8,normal
134.5,56.9,96.0,92.5,at_risk
97.6,61.0,98.2,97.1,normal
86.8,85.2,99.5,90.7,at_risk
117.3,75.0,98.8,98.8,normal
133.1,58.8,96.4,91.5,at_risk
88.0,59.5,96.1,92.8,at_risk
115.5,73.2,98.6,96.4,normal
89.7,57.6,99.4,92.6,at_risk
143.2,47.6,94.3,77.0,critical
95.8,65.2,97.1,99.4,normal
108.9,60.8,98.3,96.6,normal
184.4,46.7,92.7,83.4,critical
181.3,48.1,103.0,70.8,critical
98.3,60.4,97.7,98.9,normal
126.3,55.1,96.5,90.5,at_risk
120.1,88.6,99.2,91.8,at_risk
127.8,56.9,99.7,91.9,at_risk
107.4,77.2,97.9,99.7,normal
139.0,86.8,100.8,92.8,at_risk
133.0,87.5,96.4,92.3,at_risk
85.3,87.8,95.9,93.8,at_risk
129.8,59.2,96.1,90.4,at_risk
85.3,58.0,99.5,90.8,at_risk
184.3,114.0,92.1,83.1,critical
132.4,80.6,99.9,93.4,at_risk
67.7,102.5,92.8,71.4,critical
108.2,79.7,97.3,95.6,normal
98.9,64.1,98.3,96.1,normal
115.7,67.3,97.7,96.5,normal
78.0,100.3,103.8,75.7,critical
85.7,56.5,95.6,93.5,at_risk
119.6,67.9,98.4,96.4,normal
99.8,66.9,98.1,100.0,normal
124.0,88.4,100.8,92.0,at_risk
129.9,55.6,95.7,91.7,at_risk
138.1,81.8,96.7,90.9,at_risk
88.3,81.3,99.6,91.6,at_risk
170.2,41.4,94.8,71.7,critical
89.0,89.9,99.5,92.4,at_risk
132.5,58.8,99.6,90.4,at_risk
85.2,86.1,100.7,93.1,at_risk
132.3,60.0,96.4,90.7,at_risk
100.1,66.8,98.0,98.1,normal
165.5,108.8,104.3,85.1,critical
86.7,87.2,96.8,91.5,at_risk
159.6,42.1,105.0,87.6,critical
103.0,75.0,97.9,95.4,normal
105.5,65.9,97.7,96.5,normal
110.9,71.9,98.3,96.0,normal
110.5,72.0,98.0,96.8,normal
69.1,111.5,94.4,76.5,critical
106.1,65.2,97.7,99.2,normal
67.5,96.0,93.8,76.5,critical
117.8,63.8,97.0,95.3,normal
172.4,48.2,105.8,74.0,critical
128.2,58.8,99.7,91.8,at_risk
88.0,55.6,100.0,92.0,at_risk
109.9,68.7,97.3,95.6,normal
138.0,80.2,100.6,92.8,at_risk
109.0,78.9,97.2,96.3,normal
122.0,81.2,96.7,93.0,at_risk
111.5,70.6,97.2,95.9,normal
89.7,84.2,100.8,90.6,at_risk
95.7,70.5,97.4,99.9,normal
88.4,59.1,96.5,93.2,at_risk
100.2,61.7,97.9,97.4,normal
151.1,107.3,104.4,70.3,critical
87.1,57.4,96.3,93.9,at_risk
85.3,82.4,100.8,92.6,at_risk
112.0,78.8,97.1,96.6,normal
117.5,79.2,97.9,98.8,normal
130.8,84.0,96.7,91.7,at_risk
117.0,71.1,97.5,97.5,normal
86.1,80.5,100.2,90.4,at_risk
96.1,75.6,97.8,97.2,normal
60.2,44.3,93.5,86.0,critical
86.5,82.2,99.6,92.8,at_risk
100.8,64.2,98.7,99.1,normal
98.3,67.6,98.2,97.3,normal
86.0,86.9,99.5,90.9,at_risk
108.7,68.3,97.3,95.9,normal
113.9,78.0,97.2,97.0,normal
95.4,73.2,98.2,95.8,normal
95.6,76.7,98.9,95.7,normal
116.7,78.5,97.8,95.3,normal
109.3,67.9,97.1,97.9,normal
114.7,66.1,97.1,97.9,normal
119.3,70.9,97.6,98.5,normal
117.6,67.5,98.1,95.3,normal
115.8,76.1,97.4,96.1,normal
61.9,91.5,92.6,82.6,critical
178.0,101.8,103.6,84.4,critical
98.7,65.4,97.7,97.0,normal
121.1,83.4,95.6,91.3,at_risk
98.1,62.2,98.3,99.4,normal
87.7,55.8,95.2,91.1,at_risk
119.8,63.1,99.0,99.9,normal
133.2,59.9,95.8,92.5,at_risk
130.0,89.3,99.3,90.1,at_risk
77.8,95.9,92.8,79.7,critical
102.2,61.9,98.9,95.7,normal
117.2,78.9,98.5,95.0,normal
104.5,62.9,97.0,97.3,normal
73.2,40.6,92.4,70.9,critical
87.4,55.6,95.2,93.4,at_risk
88.4,81.7,100.5,93.6,at_risk
87.5,59.2,96.8,90.6,at_risk
189.6,110.9,94.5,88.0,critical
95.0,65.4,97.4,98.3,normal
85.1,86.8,95.7,93.3,at_risk
163.0,44.0,103.9,70.0,critical
86.3,80.9,100.8,92.2,at_risk
159.2,101.7,92.4,73.4,critical
70.6,92.0,105.4,76.0,critical
88.0,81.3,95.3,92.8,at_risk
87.5,80.9,95.6,92.0,at_risk
86.1,55.5,99.6,90.3,at_risk
97.6,71.7,98.1,96.2,normal
136.4,57.0,99.7,93.9,at_risk
122.7,86.4,96.5,91.4,at_risk
141.0,48.3,104.0,87.7,critical
126.1,55.6,100.1,90.2,at_risk
107.6,63.2,98.3,100.0,normal
127.1,59.9,96.3,91.8,at_risk
106.4,68.3,98.5,95.7,normal
99.5,65.2,98.1,95.6,normal
63.3,94.9,105.1,81.3,critical
168.8,98.9,94.7,73.3,critical
167.9,40.8,104.0,85.7,critical
106.9,72.6,98.7,98.9,normal
118.5,62.5,98.8,99.9,normal
113.1,60.8,97.8,97.6,normal
138.7,58.9,99.1,90.1,at_risk
109.2,67.0,98.2,95.1,normal
98.2,63.8,97.9,98.8,normal
181.8,114.8,92.2,85.7,critical
135.7,82.5,100.2,91.9,at_risk
115.5,76.5,98.6,96.4,normal
167.1,103.3,105.2,71.0,critical
107.8,69.7,97.8,99.2,normal
107.6,61.2,97.1,97.9,normal
137.6,81.1,95.4,92.1,at_risk
87.9,55.4,96.5,92.1,at_risk
104.0,79.8,98.4,99.7,normal
104.6,71.1,97.2,95.0,normal
132.8,58.3,95.4,90.2,at_risk
167.5,101.8,93.9,82.9,critical
129.5,84.4,100.5,92.7,at_risk
176.5,102.3,92.6,83.9,critical
109.5,76.7,98.6,99.3,normal
112.3,62.8,97.8,97.7,normal
108.0,79.9,97.3,98.4,normal
98.3,63.2,98.9,99.4,normal
189.6,99.1,104.3,76.6,critical
111.4,64.0,97.6,96.1,normal
115.7,65.1,97.9,95.2,normal
126.6,58.7,95.9,91.0,at_risk
110.0,70.3,97.6,95.0,normal
125.7,83.2,95.9,90.1,at_risk
127.2,89.0,95.3,93.6,at_risk
87.1,56.3,95.6,93.2,at_risk
105.9,71.9,98.2,95.3,normal
74.5,42.1,103.0,70.3,critical
89.0,82.7,95.9,93.2,at_risk
180.8,42.9,93.0,87.1,critical
100.5,62.8,98.7,97.5,normal
88.8,58.4,99.5,90.3,at_risk
104.3,77.7,97.3,95.8,normal
96.4,63.6,98.9,97.1,normal
134.5,58.2,95.8,91.1,at_risk
114.6,78.2,97.7,98.8,normal
63.7,109.2,93.5,85.4,critical
110.0,69.7,98.1,99.6,normal
65.5,110.7,92.2,82.3,critical
122.4,81.8,95.7,90.9,at_risk
65.8,115.8,92.2,74.8,critical
148.4,118.8,104.2,82.9,critical
128.0,86.0,100.9,90.4,at_risk
173.6,43.0,93.2,76.2,critical
103.7,77.2,97.5,98.5,normal
85.7,55.7,95.5,91.5,at_risk
103.6,70.4,97.9,99.4,normal
85.7,84.0,100.3,91.9,at_risk
115.4,77.9,98.7,98.4,normal
101.9,60.9,98.9,98.3,normal
126.2,89.2,96.0,90.9,at_risk
117.9,76.9,98.5,95.8,normal
96.7,74.5,98.9,97.2,normal
107.8,67.0,97.7,98.1,normal
85.2,56.2,99.4,90.3,at_risk
134.8,85.1,95.2,91.8,at_risk
79.7,47.8,106.0,75.1,critical
86.6,59.1,95.2,91.2,at_risk
100.8,61.4,97.4,97.8,normal
105.4,67.5,98.8,99.5,normal
126.6,58.5,99.6,93.4,at_risk
175.9,92.1,94.6,71.5,critical
77.2,44.8,94.3,79.5,critical
115.1,79.6,98.2,97.5,normal
75.1,46.9,93.3,85.1,critical
132.9,59.0,95.2,90.8,at_risk
119.2,74.7,98.4,99.3,normal
112.6,70.1,98.7,97.5,normal
129.6,56.0,99.9,93.5,at_risk
136.2,58.4,95.4,92.8,at_risk
124.8,56.5,96.2,91.5,at_risk
69.4,43.8,105.7,77.8,critical
109.4,77.1,98.5,96.8,normal
100.1,70.9,97.4,97.7,normal
116.2,67.9,97.5,99.1,normal
97.8,71.4,98.2,98.6,normal
106.1,65.6,97.2,99.4,normal
126.0,83.7,96.0,92.4,at_risk
142.5,48.7,93.3,75.0,critical
136.6,89.1,99.9,91.7,at_risk
158.2,43.4,94.5,78.5,critical
96.6,67.7,98.2,97.3,normal
88.3,85.5,95.1,90.9,at_risk
79.1,43.0,94.1,82.9,critical
87.1,80.4,95.8,92.2,at_risk
113.2,72.0,98.5,98.8,normal
168.7,45.0,103.4,81.7,critical
99.8,71.1,98.2,96.0,normal
144.2,44.3,105.2,82.1,critical
100.3,60.8,97.6,97.8,normal
68.7,47.0,104.6,85.6,critical
114.8,76.2,98.0,95.3,normal
112.7,74.2,98.8,97.9,normal
98.0,74.4,97.4,96.6,normal
86.2,85.3,96.6,90.7,at_risk
105.9,73.2,97.9,96.4,normal
89.7,56.4,95.2,91.3,at_risk
142.0,44.9,93.0,81.7,critical
107.1,68.6,97.1,95.5,normal
63.9,43.8,92.4,77.6,critical
104.6,74.4,98.1,99.7,normal
97.5,67.9,98.2,99.3,normal
111.3,67.0,98.2,99.4,normal
105.1,79.9,98.7,97.8,normal
87.6,86.3,95.6,91.3,at_risk
142.8,41.6,93.0,79.8,critical
113.8,78.1,98.5,97.7,normal
174.7,45.8,103.1,77.7,critical
172.4,98.1,94.7,77.6,critical
110.6,63.1,97.7,96.0,normal
138.9,84.7,100.6,90.8,at_risk
128.5,55.0,96.7,92.0,at_risk
110.9,72.4,97.2,99.9,normal
106.1,69.8,98.6,95.5,normal
110.7,64.3,98.3,99.6,normal
141.6,91.9,103.6,82.2,critical
86.9,86.3,99.4,92.6,at_risk
109.8,69.8,97.3,96.2,normal
118.1,64.6,97.6,96.8,normal
89.8,85.8,99.1,91.7,at_risk
87.5,55.7,95.8,91.2,at_risk
87.3,85.8,96.8,91.5,at_risk
174.9,44.3,104.6,86.6,critical
99.0,61.2,98.6,96.6,normal
107.6,76.8,98.3,98.1,normal
107.8,74.3,98.9,96.0,normal
96.9,67.5,98.6,95.0,normal
85.3,58.5,100.4,92.9,at_risk
99.6,60.8,97.0,98.9,normal
106.7,72.1,97.9,95.1,normal
120.2,59.0,95.8,93.6,at_risk
89.7,57.5,100.1,90.6,at_risk
86.4,57.9,100.1,92.9,at_risk
96.6,61.5,97.2,99.3,normal
134.3,85.7,96.8,90.4,at_risk
119.0,70.8,97.0,96.3,normal
112.3,74.7,99.0,96.4,normal
130.7,55.6,100.0,91.1,at_risk
102.4,61.8,98.3,95.7,normal
180.9,100.4,103.1,81.0,critical
115.2,64.8,97.4,97.5,normal
95.2,73.0,98.0,97.2,normal
168.6,42.4,104.7,77.4,critical
101.6,71.6,98.4,95.6,normal
87.6,89.0,95.4,92.8,at_risk
113.4,61.0,97.1,96.9,normal
102.9,69.8,97.6,96.0,normal
119.4,68.2,97.9,97.9,normal
152.1,115.5,92.2,88.7,critical
104.9,73.7,98.6,97.1,normal
118.4,73.5,97.2,95.3,normal
86.3,81.3,96.5,92.8,at_risk
104.2,67.8,99.0,99.8,normal
61.4,100.8,94.6,70.2,critical
123.7,55.0,99.5,93.1,at_risk
115.3,65.9,97.9,98.6,normal
139.7,57.7,96.5,92.3,at_risk
101.5,70.4,98.4,95.9,normal
134.3,57.5,95.3,91.3,at_risk
106.6,62.7,98.9,99.3,normal
88.9,89.0,100.3,93.1,at_risk
115.2,65.0,98.6,95.4,normal
165.0,46.9,92.3,72.8,critical
166.4,117.3,105.5,76.0,critical
124.4,82.6,96.8,92.8,at_risk
113.4,65.5,98.3,96.7,normal
65.6,109.6,105.2,76.6,critical
97.3,73.6,98.8,97.6,normal
125.1,84.4,99.3,91.8,at_risk
105.7,69.4,98.9,98.2,normal
108.1,61.3,98.9,96.8,normal
127.1,56.5,99.7,90.4,at_risk
98.5,74.3,98.9,99.9,normal
88.7,57.1,100.8,92.2,at_risk
97.5,78.2,98.6,98.8,normal
116.1,68.8,97.7,97.7,normal
113.9,71.6,97.4,95.9,normal
96.4,71.8,98.7,95.1,normal
109.3,76.4,97.7,96.7,normal
125.5,59.2,100.4,92.8,at_risk
112.3,66.1,98.5,98.1,normal
107.8,66.9,97.7,98.0,normal
114.4,61.4,98.3,99.0,normal
89.8,86.4,99.2,90.7,at_risk
86.2,57.4,96.5,90.9,at_risk
113.8,65.1,98.8,97.9,normal
115.8,69.9,98.8,99.6,normal
95.1,79.7,98.8,95.3,normal
162.9,116.9,93.8,88.4,critical
138.9,55.4,99.3,92.1,at_risk
87.1,86.4,95.3,93.3,at_risk
111.4,70.7,98.4,98.4,normal
125.3,84.3,100.6,90.7,at_risk
106.7,73.7,97.5,95.7,normal
153.8,43.8,92.7,75.9,critical
138.7,89.5,99.6,91.1,at_risk
99.1,67.0,97.6,99.0,normal
126.0,56.2,96.7,90.4,at_risk
117.7,65.4,98.6,100.0,normal
101.6,73.3,98.9,99.6,normal
135.9,83.4,95.3,93.1,at_risk
101.5,61.9,97.8,97.1,normal
134.2,88.2,99.4,92.3,at_risk
76.9,46.1,103.5,79.5,critical
109.6,66.0,97.1,98.2,normal
157.2,44.1,94.7,72.7,critical
95.4,77.5,97.5,96.1,normal
126.4,56.0,100.7,90.1,at_risk
138.9,57.6,100.5,91.8,at_risk
89.1,56.8,96.6,92.4,at_risk
120.6,56.0,100.7,91.9,at_risk
89.6,55.0,96.0,90.3,at_risk
101.3,76.6,97.9,97.4,normal
78.0,101.3,104.4,74.2,critical
105.2,78.5,98.4,97.1,normal
89.9,83.6,96.8,93.8,at_risk
154.5,46.1,103.3,74.7,critical
159.5,48.5,93.2,87.6,critical
97.6,74.0,97.6,96.3,normal
182.9,94.8,92.4,75.9,critical
114.2,76.2,97.8,99.7,normal
114.3,69.7,98.8,99.5,normal
118.4,76.5,98.6,96.0,normal
182.5,45.7,93.7,77.6,critical
166.8,90.4,93.8,70.3,critical
87.5,86.7,100.5,93.3,at_risk
86.1,59.8,100.5,91.0,at_risk
180.9,96.2,93.6,85.5,critical
102.4,60.0,98.9,99.6,normal
87.2,87.2,100.8,90.9,at_risk
88.6,56.9,95.3,91.8,at_risk
106.3,77.1,98.2,95.4,normal
106.9,67.2,97.7,97.6,normal
86.7,84.9,96.2,92.0,at_risk
124.8,57.8,99.5,93.1,at_risk
106.2,64.2,98.4,99.4,normal
97.1,66.0,98.3,96.6,normal
99.6,70.0,97.6,98.7,normal
111.6,64.8,98.0,96.4,normal
138.9,59.3,100.3,92.9,at_risk
117.6,62.5,97.4,97.5,normal
99.9,78.9,99.0,96.9,normal
65.4,44.5,103.8,73.8,critical
104.6,76.7,98.7,98.0,normal
122.3,58.8,95.7,90.4,at_risk
118.3,72.7,98.6,97.3,normal
97.7,77.5,98.6,95.8,normal
129.7,81.7,95.2,92.7,at_risk
113.6,79.9,98.3,97.5,normal
140.8,97.6,103.6,72.7,critical
110.6,61.1,98.7,97.6,normal
131.2,83.3,95.3,91.6,at_risk
95.4,67.2,97.2,96.3,normal
97.5,64.0,99.0,95.0,normal
89.6,55.4,99.1,92.6,at_risk
118.7,65.2,97.7,97.0,normal
107.4,62.5,97.8,96.8,normal
136.1,85.7,96.4,93.2,at_risk
96.2,63.5,98.9,95.4,normal
107.6,69.9,97.0,97.5,normal
119.3,63.2,97.7,97.1,normal
111.6,64.3,97.4,98.6,normal
128.3,58.6,100.1,91.3,at_risk
105.0,71.0,98.2,98.3,normal
62.4,41.9,93.5,86.4,critical
117.5,78.8,98.3,98.3,normal
89.8,82.6,100.6,92.3,at_risk
86.0,55.5,95.9,93.0,at_risk
79.9,116.4,93.1,84.9,critical
107.1,75.6,97.8,97.2,normal
104.2,70.5,98.6,96.8,normal
133.4,83.4,96.3,92.7,at_risk
127.2,80.8,96.3,90.2,at_risk
112.9,70.8,98.0,96.2,normal
85.9,89.0,100.3,93.2,at_risk
68.3,107.9,103.5,80.8,critical
188.4,117.6,103.2,80.3,critical
125.1,57.5,100.7,93.7,at_risk
150.5,49.5,93.8,83.1,critical
88.7,85.6,95.9,91.7,at_risk
90.0,59.2,99.9,92.2,at_risk
89.8,56.6,95.6,90.2,at_risk
116.4,67.9,97.4,97.1,normal
117.9,75.2,98.0,99.9,normal
86.3,58.7,95.6,90.7,at_risk
125.0,87.7,99.8,92.1,at_risk
95.5,74.5,97.1,98.0,normal
139.4,58.0,95.9,92.0,at_risk
121.2,56.7,100.3,91.1,at_risk
142.8,97.8,94.5,85.1,critical
133.0,81.2,100.4,92.5,at_risk
99.9,69.8,98.9,96.9,normal
112.9,72.1,97.6,97.1,normal
119.2,62.6,97.7,95.1,normal
114.5,64.0,97.2,97.4,normal
97.1,76.2,98.5,99.6,normal
61.0,116.2,104.5,84.2,critical
108.4,74.7,98.3,97.4,normal
173.8,48.4,104.1,87.1,critical
140.5,116.0,93.8,88.4,critical
126.7,80.9,99.5,91.3,at_risk
85.0,80.3,99.2,93.5,at_risk
87.0,56.8,99.3,91.7,at_risk
85.4,59.9,95.6,93.7,at_risk
89.6,58.3,99.7,90.8,at_risk
129.1,86.2,95.3,93.1,at_risk
162.3,101.0,92.8,80.2,critical
77.4,108.2,94.2,81.2,critical
100.0,66.1,98.0,98.3,normal
89.9,58.5,95.9,90.6,at_risk
88.2,84.6,95.9,90.9,at_risk
133.9,59.5,96.7,90.4,at_risk
63.6,107.6,104.0,80.6,critical
115.2,67.8,98.6,96.5,normal
118.3,67.9,98.6,96.4,normal
85.2,59.3,96.7,92.1,at_risk
124.7,57.6,99.8,90.8,at_risk
87.1,57.8,100.4,93.2,at_risk
109.3,74.9,97.8,96.5,normal
136.4,82.4,95.5,90.9,at_risk
95.3,63.1,98.4,96.2,normal
131.8,88.3,96.5,90.4,at_risk
69.2,44.2,103.5,73.4,critical
62.9,93.4,94.2,82.9,critical
119.8,68.2,97.6,97.8,normal
97.2,60.0,97.9,99.2,normal
140.0,86.0,99.6,92.2,critical
86.3,59.4,99.2,91.1,at_risk
89.9,81.4,100.0,91.6,at_risk
138.8,59.1,99.3,91.9,at_risk
119.0,66.3,97.2,97.6,normal
97.8,64.4,97.9,97.2,normal
134.8,55.9,95.1,93.2,at_risk
87.7,88.6,96.8,93.9,at_risk
115.3,63.9,97.4,98.4,normal
118.3,61.8,98.0,99.6,normal
147.8,42.9,92.5,84.2,critical
126.6,58.0,100.6,93.6,at_risk
120.4,87.4,95.2,93.5,at_risk
151.7,41.8,103.5,71.6,critical
126.8,55.9,100.5,90.0,at_risk
108.4,77.1,97.0,99.7,normal
116.0,69.7,98.3,97.6,normal
136.7,59.0,100.5,90.9,at_risk
95.9,72.9,97.5,95.3,normal
115.0,77.0,98.0,97.1,normal
150.0,47.6,105.7,85.4,critical
77.0,108.5,92.8,82.1,critical
97.3,68.5,97.3,99.7,normal
88.8,87.6,96.3,90.3,at_risk
117.1,62.9,98.4,99.9,normal
89.5,59.1,100.3,92.8,at_risk
166.6,48.7,103.4,86.2,critical
97.8,61.5,98.2,98.2,normal
63.3,114.8,105.0,87.8,critical
182.1,48.0,103.1,76.6,critical
123.2,86.7,100.6,90.7,at_risk
178.3,100.4,103.7,70.3,critical
110.2,74.2,97.0,95.2,normal
143.7,106.5,105.6,79.4,critical
119.6,67.7,97.3,98.3,normal
109.6,71.7,97.9,99.2,normal
106.2,70.8,98.3,98.9,normal
111.2,63.0,98.9,96.9,normal
120.4,84.5,96.0,91.9,at_risk
71.1,49.4,103.9,72.5,critical
120.7,57.6,99.9,90.9,at_risk
142.9,106.7,103.8,79.2,critical
120.4,82.8,96.8,91.8,at_risk
102.7,66.4,98.7,98.3,normal
119.2,66.4,99.0,100.0,normal
102.8,69.7,98.3,97.6,normal
176.2,41.9,105.4,71.3,critical
131.4,84.9,96.0,90.3,at_risk
88.8,84.6,100.5,93.5,at_risk
133.4,86.6,99.6,92.5,at_risk
61.5,113.1,103.8,85.6,critical
129.2,55.4,100.2,92.4,at_risk
88.8,57.4,96.6,90.4,at_risk
88.9,56.6,99.8,91.9,at_risk
129.4,85.0,99.3,90.7,at_risk
167.1,104.0,92.4,71.6,critical
154.7,43.8,105.8,75.1,critical
122.9,81.1,96.8,91.8,at_risk
139.4,55.6,99.7,91.8,at_risk
108.6,66.8,97.9,98.1,normal
68.7,40.2,92.9,71.1,critical
85.8,59.6,100.8,92.2,at_risk
96.1,74.4,97.9,96.3,normal
111.7,60.0,98.6,95.4,normal
104.7,69.7,97.7,96.6,normal
60.5,92.2,103.3,82.5,critical
97.6,77.6,98.1,99.1,normal
79.0,47.2,104.6,73.1,critical
147.9,119.0,104.3,82.7,critical
101.4,74.3,98.0,97.0,normal
106.0,75.4,97.5,95.0,normal
88.0,59.7,96.2,92.8,at_risk
99.8,64.3,98.5,95.9,normal
124.3,80.6,99.5,90.8,at_risk
70.2,110.8,92.4,78.9,critical
138.8,80.1,96.5,90.7,at_risk
86.2,84.5,99.5,92.0,at_risk
89.5,56.5,100.2,90.7,at_risk
101.3,73.7,98.4,97.5,normal
87.9,55.5,99.1,92.6,at_risk
115.3,70.7,97.6,95.3,normal
117.4,73.7,97.5,95.3,normal
131.4,85.9,100.8,90.4,at_risk
103.9,70.3,97.6,98.4,normal
63.9,111.4,94.0,78.9,critical
97.5,66.2,98.3,98.3,normal
106.5,63.9,97.4,95.1,normal
150.5,49.1,103.2,88.2,critical
88.8,86.5,95.9,92.4,at_risk
189.9,43.2,104.4,70.8,critical
77.4,109.5,103.9,86.5,critical
87.5,81.4,95.7,92.9,at_risk
112.9,65.0,98.8,99.1,normal
184.2,43.4,103.8,71.4,critical
73.4,105.2,93.7,82.9,critical
117.1,71.2,97.4,96.1,normal
88.8,56.4,96.5,91.5,at_risk
88.6,58.6,100.1,91.1,at_risk
115.9,63.0,97.9,97.5,normal
99.9,76.5,98.7,96.5,normal
178.6,40.5,94.8,83.4,critical
73.2,105.9,93.5,80.9,critical
141.4,45.0,104.0,85.6,critical
104.2,70.8,97.3,98.7,normal
99.2,71.6,98.4,99.6,normal
133.4,58.5,95.9,93.3,at_risk
128.9,59.5,96.6,90.0,at_risk
73.4,113.6,94.0,84.7,critical
180.3,49.0,104.4,76.1,critical
87.2,86.8,96.0,91.5,at_risk
105.2,62.3,98.2,95.2,normal
137.7,80.4,96.1,91.8,at_risk
106.0,65.3,97.3,98.4,normal
86.6,87.8,99.2,93.2,at_risk
97.8,74.4,97.3,99.2,normal
86.5,56.4,100.4,91.4,at_risk
131.2,57.6,100.4,91.1,at_risk
148.6,104.5,92.5,75.8,critical
143.6,116.5,93.2,87.1,critical
112.8,62.0,97.1,97.8,normal
86.7,87.6,99.3,90.9,at_risk
96.8,79.1,97.4,99.6,normal
119.6,71.1,98.9,95.0,normal
85.7,84.2,96.0,93.8,at_risk
103.5,77.5,98.1,97.6,normal
85.8,58.7,95.8,90.7,at_risk
126.1,84.5,99.9,92.7,at_risk
71.2,108.4,105.8,81.9,critical
104.5,62.1,98.4,97.5,normal
86.6,82.3,100.5,93.7,at_risk
125.8,89.4,100.6,92.3,at_risk
124.4,56.0,95.4,90.7,at_risk
115.0,69.1,98.3,96.6,normal
119.8,65.0,98.0,99.2,normal
105.4,72.3,98.0,97.3,normal
109.7,72.5,98.3,95.4,normal
139.1,57.3,95.4,92.2,at_risk
100.0,68.3,97.4,99.4,normal
106.4,72.1,98.4,96.9,normal
168.4,94.0,94.5,70.6,critical
145.9,113.7,103.4,74.4,critical
99.9,61.1,97.4,95.0,normal
89.9,84.3,99.1,93.0,at_risk
110.3,77.4,97.0,97.2,normal
104.7,68.3,98.5,95.5,normal
131.3,82.1,100.0,92.0,at_risk
69.8,49.8,94.7,76.2,critical
135.2,89.9,95.3,93.5,at_risk
108.4,61.0,97.0,96.2,normal
85.6,81.1,99.4,91.3,at_risk
88.1,81.7,99.7,91.1,at_risk
107.7,71.7,97.7,97.4,normal
111.0,78.0,97.3,96.9,normal
110.6,74.6,98.9,96.4,normal
72.1,48.3,94.5,74.6,critical
131.7,84.7,99.1,91.7,at_risk
72.7,90.6,103.5,70.3,critical
115.1,72.3,98.5,97.2,normal
107.1,66.5,98.7,96.5,normal
122.7,82.7,100.8,91.8,at_risk
74.4,49.9,93.1,85.6,critical
111.9,61.1,98.3,99.2,normal
108.1,68.0,97.6,99.0,normal
113.1,64.1,97.5,96.7,normal
88.7,56.1,95.2,92.6,at_risk
97.7,75.9,97.2,96.4,normal
157.3,49.4,93.4,85.3,critical
106.8,74.2,97.9,95.6,normal
88.3,56.7,100.3,92.5,at_risk
118.7,63.4,98.9,95.1,normal
87.2,82.4,100.4,91.1,at_risk
87.7,84.9,100.5,92.7,at_risk
88.6,82.3,96.2,90.5,at_risk
117.8,68.2,98.5,95.6,normal
115.2,75.3,97.8,99.8,normal
68.6,47.7,94.4,82.6,critical
102.0,74.6,97.5,95.9,normal
125.8,89.8,95.3,93.4,at_risk
108.0,71.3,98.1,97.4,normal
122.7,57.7,100.7,92.6,at_risk
118.8,60.4,97.6,99.6,normal
101.3,70.7,98.6,95.5,normal
63.6,41.3,94.9,79.3,critical
85.5,80.5,96.2,93.2,at_risk
88.2,89.8,99.2,91.2,at_risk
100.6,66.8,99.0,97.6,normal
103.4,66.6,97.0,95.7,normal
86.2,83.2,96.1,90.8,at_risk
118.4,67.5,98.3,96.3,normal
96.5,66.1,97.3,95.9,normal
120.3,83.7,95.6,93.7,at_risk
148.2,45.5,105.9,80.0,critical
106.3,75.9,98.2,95.5,normal
89.0,55.0,100.3,91.8,at_risk
127.2,59.0,96.4,92.5,at_risk
116.5,65.0,99.0,98.1,normal
85.9,89.0,96.3,91.9,at_risk
143.1,92.1,92.5,78.0,critical
95.7,66.7,99.0,99.4,normal
109.7,76.9,97.9,95.1,normal
107.8,79.4,98.4,95.4,normal
114.3,76.8,98.2,98.2,normal
115.7,75.8,97.5,98.5,normal
96.0,64.0,97.4,96.7,normal
107.7,69.5,97.5,95.1,normal
127.9,80.8,95.3,91.4,at_risk
134.2,59.5,95.3,92.5,at_risk
161.6,98.5,104.4,73.1,critical
95.7,60.2,98.8,95.2,normal
137.4,88.3,96.5,91.3,at_risk
108.3,61.0,97.3,99.1,normal
100.8,69.1,98.0,98.8,normal
114.7,72.4,97.2,95.8,normal
104.9,74.9,98.2,96.9,normal
100.7,71.5,97.8,97.6,normal
111.6,77.1,97.5,97.5,normal
156.7,47.7,105.9,71.2,critical
86.4,57.5,96.6,91.8,at_risk
95.1,64.8,98.0,96.9,normal
119.5,67.0,97.9,95.7,normal
114.4,71.4,98.5,95.7,normal
125.1,58.9,96.9,93.5,at_risk
112.8,60.9,97.5,97.5,normal
99.8,66.7,98.5,98.3,normal
113.7,61.1,98.1,96.3,normal
89.9,81.2,100.7,91.8,at_risk
147.1,115.3,105.9,80.1,critical
139.1,56.5,95.1,91.8,at_risk
116.8,74.1,97.2,98.3,normal
139.1,57.1,100.4,93.1,at_risk
118.4,61.7,98.6,99.5,normal
65.8,119.8,103.1,75.9,critical
119.3,63.1,98.5,95.0,normal
138.3,88.8,95.7,91.7,at_risk
125.3,84.5,95.3,90.1,at_risk
114.5,73.6,98.3,99.5,normal
108.9,75.7,98.1,96.6,normal
117.2,69.4,98.8,97.9,normal
136.1,83.4,95.8,93.9,at_risk
157.9,102.2,104.1,85.7,critical
117.4,73.1,98.8,97.4,normal
138.4,82.0,95.6,91.1,at_risk
66.6,40.6,92.9,74.2,critical
129.4,88.0,95.1,92.4,at_risk
120.2,83.5,96.0,93.4,at_risk
106.3,68.2,98.4,96.2,normal
137.5,84.2,96.8,93.0,at_risk
85.5,81.8,96.6,91.1,at_risk
154.2,48.9,104.2,80.6,critical
77.7,114.8,104.6,78.5,critical
97.3,74.4,97.4,96.0,normal
100.7,71.7,97.7,97.2,normal
124.1,84.9,96.0,93.8,at_risk
99.3,73.1,97.1,95.3,normal
107.8,70.9,97.1,95.9,normal
131.9,81.4,100.9,91.3,at_risk
126.3,57.6,100.3,91.2,at_risk
104.4,61.3,98.8,97.1,normal
88.1,82.4,96.7,90.3,at_risk
86.4,88.3,100.6,91.0,at_risk
73.7,43.9,105.5,74.1,critical
102.1,63.5,98.5,96.3,normal
89.9,84.5,100.2,91.1,at_risk
113.4,60.6,98.2,98.8,normal
88.5,56.3,100.6,90.9,at_risk
100.2,69.8,97.0,98.4,normal
85.8,80.7,99.8,93.4,at_risk
87.7,81.3,99.6,90.6,at_risk
155.4,40.2,92.3,76.5,critical
72.6,44.0,93.5,79.1,critical
87.4,58.8,96.5,90.6,at_risk
85.4,58.3,99.3,92.3,at_risk
97.1,79.9,97.3,95.4,normal
155.1,106.0,104.0,70.2,critical
133.3,85.8,95.6,91.0,at_risk
141.0,49.9,94.8,79.4,critical
118.0,68.8,99.0,97.1,normal
122.1,59.3,100.6,91.7,at_risk
133.0,56.1,99.1,90.6,at_risk
85.8,85.9,96.1,92.8,at_risk
86.6,81.8,100.9,92.4,at_risk
121.0,89.4,95.1,92.4,at_risk
132.8,81.5,96.7,90.1,at_risk
79.5,45.7,105.6,85.7,critical
109.9,71.9,97.3,95.6,normal
64.5,42.1,104.9,83.0,critical
113.9,79.3,97.2,96.6,normal
153.3,42.5,103.8,70.1,critical
86.6,56.1,100.6,92.6,at_risk
139.1,58.7,96.1,92.4,at_risk
97.0,68.6,98.1,96.6,normal
132.9,58.9,95.1,92.8,at_risk
174.4,97.6,104.7,79.8,critical
119.4,62.2,98.9,99.6,normal
87.2,85.6,100.1,93.0,at_risk
162.9,97.6,104.9,82.5,critical
116.8,69.7,97.6,97.6,normal
109.1,62.3,99.0,97.1,normal
112.8,67.3,98.7,97.3,normal
122.1,59.9,96.9,91.7,at_risk
87.6,57.6,95.3,91.3,at_risk
89.3,87.1,96.6,93.0,at_risk
89.1,85.1,100.6,91.7,at_risk
88.7,85.2,95.7,93.2,at_risk
128.8,59.9,95.8,90.3,at_risk
134.0,59.6,95.8,92.1,at_risk
98.1,63.8,97.7,99.7,normal
87.5,89.4,99.5,91.9,at_risk
89.7,57.0,100.3,93.6,at_risk
131.7,89.5,96.3,93.1,at_risk
133.2,59.7,96.8,90.7,at_risk
128.4,84.1,96.2,92.0,at_risk
98.2,78.7,98.2,98.3,normal
117.7,72.8,98.5,96.8,normal
181.0,41.3,94.6,84.6,critical
132.0,57.8,99.2,90.5,at_risk
134.0,82.3,96.7,92.2,at_risk
64.1,112.2,104.5,78.4,critical
129.5,58.5,100.5,92.2,at_risk
120.1,83.3,96.5,90.4,at_risk
86.3,84.5,100.7,90.5,at_risk
113.9,64.5,97.1,99.0,normal
110.6,66.8,97.3,97.1,normal
116.0,70.3,97.3,96.2,normal
99.7,65.4,98.1,99.2,normal
112.9,77.5,97.4,99.0,normal
89.9,81.3,95.7,93.2,at_risk
102.4,65.6,97.3,96.4,normal
108.0,73.3,97.8,98.6,normal
102.3,70.8,97.0,95.4,normal
118.6,74.4,97.2,99.2,normal
89.1,86.3,100.1,91.8,at_risk
132.6,55.5,100.5,92.0,at_risk
86.3,57.0,99.6,92.2,at_risk
170.1,101.1,93.8,81.7,critical
99.6,78.8,98.5,96.0,normal
115.2,73.9,98.5,97.2,normal
86.1,58.0,99.9,93.5,at_risk
127.7,87.5,99.8,91.4,at_risk
61.6,45.9,105.6,72.2,critical
85.3,57.7,96.2,93.1,at_risk
96.3,77.5,97.2,96.2,normal
89.4,80.3,95.8,90.2,at_risk
73.3,106.5,92.3,77.2,critical
95.2,69.2,98.0,95.1,normal
125.9,55.1,99.5,92.4,at_risk
112.5,61.1,97.1,96.5,normal
75.4,105.8,93.8,77.6,critical
65.7,106.8,105.5,82.6,critical
71.5,40.0,104.4,74.5,critical
106.9,60.9,98.9,98.6,normal
103.0,69.0,98.3,95.7,normal
116.5,65.1,97.8,99.4,normal
126.8,57.2,100.6,92.9,at_risk
115.9,66.3,98.5,95.6,normal
102.9,71.9,98.3,97.0,normal
104.3,73.8,98.3,95.8,normal
113.8,62.1,97.2,95.0,normal
107.6,72.8,97.6,98.6,normal
115.8,71.4,98.2,96.0,normal
106.6,72.3,97.2,99.8,normal
167.3,46.1,104.8,80.1,critical
112.5,72.5,97.4,97.3,normal
87.0,59.8,95.2,91.9,at_risk
67.1,92.3,103.7,78.4,critical
135.5,80.7,95.9,90.2,at_risk
105.4,69.0,98.7,95.5,normal
86.5,59.1,96.0,92.3,at_risk
143.6,47.1,94.7,79.3,critical
116.8,63.1,97.4,98.4,normal
112.8,63.2,97.5,95.8,normal
160.3,49.4,93.5,76.8,critical
85.6,87.3,96.0,90.2,at_risk
117.7,70.4,98.6,96.1,normal
89.1,56.0,100.6,93.6,at_risk
119.6,77.2,98.4,99.7,normal
123.8,84.7,95.7,91.7,at_risk
119.9,79.1,98.7,98.4,normal
117.8,65.5,98.6,99.6,normal
89.0,56.6,100.0,93.1,at_risk
131.8,59.8,96.0,91.5,at_risk
78.6,106.8,104.1,84.1,critical
100.5,74.1,98.6,97.3,normal
127.8,55.7,96.0,91.3,at_risk
89.6,57.3,99.8,93.3,at_risk
67.9,113.0,103.7,77.6,critical
100.0,70.1,98.3,99.6,normal
89.7,57.8,96.3,90.9,at_risk
86.1,58.1,95.9,93.1,at_risk
99.1,66.7,98.1,97.9,normal
106.4,65.4,98.7,96.6,normal
161.4,43.1,93.3,86.2,critical
88.4,86.7,95.7,91.4,at_risk
131.5,60.0,100.3,90.6,at_risk
187.4,114.6,92.5,85.6,critical
99.6,73.6,98.1,97.6,normal
95.9,68.2,97.2,99.5,normal
105.8,61.0,97.2,98.3,normal
120.7,57.6,96.0,92.3,at_risk
68.3,47.8,94.0,78.2,critical
101.4,71.9,97.0,96.3,normal
85.4,58.5,96.0,91.4,at_risk
88.4,89.9,96.1,91.5,at_risk
101.2,74.4,98.2,99.6,normal
98.9,75.8,97.7,95.6,normal
68.2,111.3,105.4,81.2,critical
132.9,87.4,95.2,91.3,at_risk
105.0,67.3,98.1,98.3,normal
176.4,49.1,105.3,75.0,critical
110.0,61.8,97.1,96.9,normal
87.1,59.8,96.3,91.1,at_risk
108.8,64.3,97.4,100.0,normal
177.4,46.8,105.6,77.1,critical
109.0,78.3,97.8,99.2,normal
99.2,60.6,97.7,99.5,normal
110.2,69.0,98.9,95.6,normal
95.7,68.7,97.6,99.3,normal
132.3,85.8,96.7,92.3,at_risk
184.9,93.3,94.5,87.8,critical
95.3,73.2,97.6,96.3,normal
101.7,70.2,97.9,97.6,normal
86.3,56.6,96.3,93.9,at_risk
89.3,84.9,95.4,90.5,at_risk
119.4,79.1,97.1,97.2,normal
107.1,76.6,98.9,98.2,normal
110.1,66.2,98.8,99.4,normal
86.5,83.2,99.7,93.6,at_risk
147.4,101.9,92.5,81.5,critical
137.3,83.7,96.4,92.0,at_risk
110.6,68.3,98.1,97.1,normal
170.2,40.1,103.1,87.0,critical
133.4,58.1,100.3,91.2,at_risk
137.3,56.1,95.9,90.9,at_risk
113.9,79.7,98.6,97.3,normal
70.5,41.9,104.6,83.8,critical
110.2,74.1,97.9,96.2,normal
177.1,48.1,103.3,75.2,critical
106.1,61.1,99.0,97.9,normal
87.5,84.2,99.9,92.6,at_risk
103.7,69.7,99.0,99.8,normal
101.6,66.1,97.5,97.7,normal
87.0,56.1,96.3,90.7,at_risk
95.9,74.1,98.0,95.5,normal
97.6,72.3,97.2,98.8,normal
101.2,77.8,98.4,95.4,normal
76.9,44.3,93.9,72.3,critical
89.1,57.8,99.6,91.6,at_risk
135.6,88.5,95.5,92.0,at_risk
86.3,82.3,96.6,91.9,at_risk
117.9,62.5,97.8,96.7,normal
129.2,57.4,95.2,92.8,at_risk
87.2,84.7,100.7,93.4,at_risk
62.7,45.2,105.7,84.1,critical
64.9,41.7,93.3,73.9,critical
123.3,85.1,99.3,93.9,at_risk
130.0,80.9,96.7,90.1,at_risk
134.1,84.2,99.7,91.8,at_risk
66.9,42.7,103.8,76.0,critical
119.2,63.2,98.6,99.9,normal
112.5,65.1,97.1,97.0,normal
71.8,95.5,105.0,83.6,critical
144.4,43.1,105.4,88.6,critical
118.1,69.6,98.2,99.2,normal
105.8,68.2,97.7,99.6,normal
145.4,49.6,93.6,86.8,critical
127.1,56.8,99.6,93.3,at_risk
119.9,65.2,98.4,99.5,normal
117.7,66.2,99.0,96.4,normal
142.7,102.8,92.6,85.2,critical
105.6,75.7,98.9,95.3,normal
71.0,45.8,92.1,84.9,critical
105.4,67.0,98.7,95.6,normal
88.5,59.4,96.0,92.1,at_risk
102.1,75.3,97.9,96.6,normal
88.8,59.4,99.2,90.0,at_risk
115.5,67.3,98.2,98.0,normal
117.6,70.1,97.9,100.0,normal
87.6,88.0,100.4,91.4,at_risk
115.6,62.9,97.6,97.8,normal
107.4,76.2,97.9,99.7,normal
68.0,105.1,105.9,73.7,critical
65.4,91.3,105.4,71.4,critical
99.8,71.1,97.8,95.8,normal
130.7,86.0,99.6,93.4,at_risk
115.9,63.1,97.2,98.2,normal
86.8,57.2,96.3,92.5,at_risk
98.9,65.3,97.5,98.1,normal
60.0,118.6,92.9,74.8,critical
95.5,70.5,98.0,97.6,normal
185.6,41.8,93.6,81.8,critical
64.2,42.9,104.5,74.8,critical
86.2,55.5,96.2,90.6,at_risk
114.9,72.0,98.4,96.5,normal
134.9,80.4,99.2,93.2,at_risk
106.3,70.3,98.4,96.4,normal
108.9,66.5,97.9,98.2,normal
87.7,82.2,100.3,90.5,at_risk
183.2,116.8,94.6,71.0,critical
128.6,58.0,96.2,90.7,at_risk
103.0,73.2,98.2,97.5,normal
104.5,70.9,97.9,95.6,normal
86.9,56.5,99.7,90.4,at_risk
96.2,74.1,98.7,97.2,normal
72.6,41.9,94.7,82.4,critical
63.7,119.7,93.4,71.4,critical
62.8,45.9,103.8,76.4,critical
112.0,61.1,98.1,96.1,normal
66.5,46.5,103.1,80.2,critical
122.8,57.0,100.7,92.0,at_risk
97.7,71.5,97.0,97.0,normal
112.9,61.1,98.0,97.9,normal
86.5,83.6,96.4,91.1,at_risk
87.4,56.5,96.6,93.9,at_risk
104.1,66.4,98.8,97.5,normal
87.7,57.8,96.4,91.8,at_risk
85.0,80.7,100.7,90.3,at_risk
113.7,68.7,98.4,97.8,normal
169.9,97.4,93.2,71.4,critical
88.6,56.1,96.6,90.1,at_risk
85.7,84.4,99.2,92.5,at_risk
133.2,58.7,96.9,91.4,at_risk
67.3,110.4,92.8,77.5,critical
106.4,63.5,98.3,96.8,normal
177.8,44.8,104.5,77.5,critical
88.8,57.9,100.6,90.1,at_risk
110.2,71.2,98.3,95.8,normal
123.7,80.5,99.8,91.0,at_risk
111.1,62.4,98.9,96.1,normal
164.8,42.1,94.4,85.1,critical
119.0,70.0,98.8,98.5,normal
86.1,89.0,100.5,92.8,at_risk
88.4,83.5,95.8,90.3,at_risk
61.8,95.0,93.9,76.8,critical
101.4,79.0,98.3,95.8,normal
88.3,59.8,100.6,90.1,at_risk
70.5,96.0,93.5,70.8,critical
88.9,57.4,96.1,93.4,at_risk
89.7,57.5,96.5,91.1,at_risk
114.1,70.2,98.1,97.1,normal
88.4,80.9,96.3,91.5,at_risk
110.6,71.7,97.6,99.6,normal
106.2,70.9,97.2,99.7,normal
97.0,67.7,98.2,97.6,normal
86.4,87.3,96.6,91.9,at_risk
87.5,56.6,96.1,92.6,at_risk
87.4,89.3,96.3,91.2,at_risk
110.5,70.7,97.1,95.4,normal
89.9,83.2,99.8,91.7,at_risk
137.5,57.9,99.9,92.4,at_risk
164.0,43.1,105.7,71.1,critical
80.0,45.5,94.6,87.6,critical
105.2,76.6,98.3,97.0,normal
89.6,55.7,96.4,91.6,at_risk
73.4,90.1,93.4,74.8,critical
86.5,56.1,99.3,92.7,at_risk
89.2,59.2,100.8,93.6,at_risk
138.4,83.1,96.7,92.7,at_risk
107.8,73.5,98.9,96.3,normal
73.4,116.8,92.1,71.4,critical
120.7,84.7,100.0,91.7,at_risk
89.7,57.6,96.1,91.0,at_risk
118.6,69.2,97.6,97.5,normal
123.4,58.3,96.2,92.4,at_risk
148.4,97.5,92.1,74.2,critical
102.5,64.5,98.1,96.8,normal
188.2,105.9,105.2,88.9,critical
104.5,72.4,98.4,97.0,normal
69.0,47.4,103.1,80.2,critical
169.4,42.7,103.1,83.9,critical
114.7,70.6,97.6,98.3,normal
124.2,55.9,96.1,93.8,at_risk
118.9,67.4,98.3,95.2,normal
72.9,48.5,94.2,82.9,critical
123.2,86.6,100.5,90.8,at_risk
110.5,62.9,97.3,95.1,normal
136.2,57.1,100.2,90.7,at_risk
133.4,55.1,99.7,90.9,at_risk
110.6,68.3,98.2,96.1,normal
109.0,71.9,97.7,96.4,normal
99.4,66.5,97.4,98.2,normal
127.7,58.3,96.4,90.6,at_risk
110.5,62.6,97.5,99.2,normal
107.2,78.8,97.5,96.9,normal
135.1,84.4,99.1,90.7,at_risk
101.9,76.7,97.6,95.3,normal
105.7,78.6,97.6,97.1,normal
107.3,73.9,97.5,96.5,normal
72.7,113.9,105.5,79.7,critical
137.5,80.2,99.4,90.9,at_risk
119.1,67.0,97.7,98.0,normal
189.2,99.9,94.5,75.2,critical
102.6,72.2,97.9,98.6,normal
64.1,116.4,93.7,74.7,critical
60.9,47.6,94.1,70.2,critical
78.9,91.4,93.0,74.3,critical
152.7,94.0,92.3,80.4,critical
95.6,61.0,98.9,95.7,normal
121.4,83.0,100.8,92.7,at_risk
111.0,75.4,98.7,95.1,normal
120.4,55.6,99.2,90.6,at_risk
63.3,41.6,93.2,86.2,critical
134.4,59.7,100.6,91.6,at_risk
101.8,72.0,98.6,95.7,normal
118.1,75.0,98.2,98.8,normal
114.0,67.4,97.5,98.6,normal
119.5,67.0,98.8,99.7,normal
115.0,68.7,98.8,97.3,normal
86.1,56.6,100.2,91.4,at_risk
110.0,68.7,99.0,96.8,normal
90.0,87.9,100.4,92.2,at_risk
106.3,77.6,97.8,99.2,normal
123.8,56.5,99.9,92.7,at_risk
112.1,71.6,98.2,96.5,normal
114.1,65.1,97.9,98.5,normal
109.9,71.8,98.4,96.8,normal
103.2,76.2,97.3,99.8,normal
87.1,88.9,99.3,91.8,at_risk
136.6,57.0,99.4,92.1,at_risk
111.2,67.3,97.5,97.3,normal
87.8,56.7,100.8,92.7,at_risk
116.4,61.2,97.4,100.0,normal
112.6,63.7,98.2,98.6,normal
115.7,72.1,97.8,97.8,normal
87.0,57.9,100.0,93.9,at_risk
86.7,57.0,99.9,93.5,at_risk
87.7,59.7,99.7,90.0,at_risk
67.9,43.8,94.8,83.0,critical
100.4,61.4,98.1,98.8,normal
116.0,71.1,98.4,99.9,normal
117.5,62.5,97.8,99.3,normal
71.9,100.2,105.4,75.7,critical
85.6,89.5,95.9,92.4,at_risk
89.1,83.2,96.7,90.2,at_risk
103.6,71.9,97.4,99.4,normal
166.0,98.6,94.8,82.9,critical
145.4,47.4,105.0,86.4,critical
89.8,56.5,95.6,90.5,at_risk
111.4,67.7,98.7,99.7,normal
158.9,41.3,94.7,85.8,critical
127.2,55.2,100.4,91.1,at_risk
96.2,62.3,97.1,98.8,normal
87.1,55.4,100.7,93.4,at_risk
135.4,59.1,96.7,90.4,at_risk
105.1,60.3,98.6,96.8,normal
85.9,84.3,100.9,91.5,at_risk
89.6,87.8,100.4,90.1,at_risk
98.6,64.7,98.8,95.2,normal
102.7,72.3,98.1,96.1,normal
100.9,70.1,97.5,99.7,normal
121.2,84.5,96.5,93.5,at_risk
99.2,62.3,97.4,99.9,normal
89.9,55.7,96.2,91.5,at_risk
85.6,85.6,95.2,92.1,at_risk
88.8,57.9,100.9,93.0,at_risk
97.6,74.2,97.4,96.5,normal
88.5,88.8,99.6,92.4,at_risk
119.9,60.8,97.3,99.5,normal
117.2,74.3,97.1,97.1,normal
89.7,59.2,100.8,90.4,at_risk
87.2,86.6,99.1,93.2,at_risk
147.6,41.3,103.5,75.6,critical
134.3,58.7,95.9,91.7,at_risk
173.5,104.1,103.2,77.5,critical
104.1,67.5,99.0,100.0,normal
113.1,61.0,97.1,95.5,normal
63.9,106.8,92.7,80.8,critical
105.8,71.7,98.8,95.9,normal
64.8,40.4,93.4,87.5,critical
122.0,56.3,96.2,91.7,at_risk
127.2,88.1,100.8,93.5,at_risk
85.6,59.0,100.5,92.8,at_risk
131.7,55.1,96.4,91.6,at_risk
110.6,76.5,98.9,99.0,normal
110.9,77.1,98.0,96.1,normal
95.0,74.4,97.2,96.2,normal
109.0,68.0,98.3,95.3,normal
107.5,66.7,97.6,95.3,normal
62.4,109.9,104.3,88.9,critical
85.5,58.0,96.2,94.0,at_risk
64.9,112.0,94.9,84.0,critical
126.5,82.4,100.6,91.6,at_risk
114.8,68.3,97.2,97.4,normal
98.2,64.8,98.7,99.6,normal
65.4,41.6,103.4,86.0,critical
156.5,105.3,103.5,73.7,critical
89.4,86.2,99.3,91.5,at_risk
161.6,117.5,105.0,80.1,critical
104.8,71.8,97.6,95.9,normal
138.9,58.5,95.1,93.9,at_risk
87.7,80.8,99.3,91.7,at_risk
162.4,48.2,105.5,73.9,critical
117.7,78.3,97.7,98.5,normal
86.5,58.7,96.4,92.0,at_risk
113.9,70.9,98.8,97.7,normal
116.3,71.1,97.4,98.1,normal
116.1,69.1,98.5,95.5,normal
119.6,76.2,97.3,96.4,normal
111.3,75.1,98.5,97.5,normal
62.5,107.2,104.7,70.6,critical
128.0,83.2,99.9,91.6,at_risk
149.5,110.1,92.2,73.8,critical
142.7,108.4,94.3,86.1,critical
85.9,55.2,99.8,90.5,at_risk
112.2,65.8,98.7,97.2,normal
75.5,98.0,93.0,85.2,critical
86.7,88.2,96.8,92.3,at_risk
89.0,56.4,100.7,93.1,at_risk
122.1,57.3,99.4,90.6,at_risk
74.7,102.9,94.4,75.6,critical
96.9,67.8,97.3,96.9,normal
130.9,56.9,96.1,90.4,at_risk
103.7,72.3,98.7,95.9,normal
104.8,70.3,98.6,97.8,normal
165.9,92.2,104.9,78.2,critical
124.7,59.3,95.4,93.7,at_risk
165.1,112.9,105.6,76.7,critical
110.4,70.2,99.0,99.9,normal
128.9,57.7,95.2,90.4,at_risk
104.5,69.3,97.9,96.3,normal
157.8,93.3,93.8,87.1,critical
119.8,62.1,97.1,99.3,normal
62.3,92.5,105.9,74.0,critical
95.2,73.9,97.6,97.9,normal
155.0,102.3,105.2,70.7,critical
110.3,62.4,98.8,95.4,normal
66.6,116.5,105.0,74.1,critical
89.9,87.7,99.7,91.7,at_risk
119.7,69.4,97.5,99.5,normal
85.5,56.6,99.7,94.0,at_risk
156.4,46.1,94.6,83.0,critical
105.5,63.8,97.0,99.9,normal
119.2,62.8,98.2,96.0,normal
85.6,86.5,96.7,90.7,at_risk
87.0,87.9,99.7,92.6,at_risk
85.8,55.3,96.6,92.2,at_risk
67.9,41.5,93.3,82.0,critical
110.2,63.1,98.7,96.8,normal
116.0,61.0,97.8,96.9,normal
117.8,75.0,97.1,98.6,normal
86.6,56.3,99.9,93.3,at_risk
174.1,46.6,93.1,81.4,critical
108.4,64.6,98.5,97.6,normal
101.7,80.0,97.1,95.2,normal
119.3,79.6,98.3,99.4,normal
119.3,62.9,97.2,95.6,normal
135.6,59.7,99.9,91.8,at_risk
89.3,55.2,95.1,93.8,at_risk
85.9,55.6,95.5,90.6,at_risk
85.2,83.1,96.1,91.2,at_risk
100.7,69.4,97.8,96.4,normal
114.1,79.8,98.6,96.5,normal
100.4,62.7,98.1,98.0,normal
86.5,86.8,95.8,91.8,at_risk
86.9,58.7,96.0,90.9,at_risk
86.0,58.1,100.9,93.3,at_risk
86.6,58.3,100.8,93.8,at_risk
116.6,66.4,99.0,95.8,normal
135.9,80.7,100.2,91.9,at_risk
78.3,90.4,103.7,82.4,critical
102.8,63.0,98.2,98.3,normal
125.1,58.1,99.5,93.2,at_risk
106.8,60.4,98.5,97.1,normal
90.0,85.3,100.5,93.1,at_risk
112.0,78.0,97.8,98.9,normal
87.9,57.7,99.3,90.6,at_risk
97.5,71.4,97.2,95.8,normal
104.5,76.8,98.8,95.4,normal
133.7,59.4,95.3,90.3,at_risk
112.4,68.8,98.1,97.8,normal
106.9,69.4,97.8,99.1,normal
89.5,87.8,99.2,92.8,at_risk
166.1,46.3,93.7,73.8,critical
101.0,67.2,98.8,97.9,normal
129.8,82.8,99.5,91.1,at_risk
89.9,87.6,96.3,90.8,at_risk
138.3,55.3,99.6,93.7,at_risk
124.9,58.3,96.8,93.3,at_risk
126.4,86.0,95.7,92.9,at_risk
117.1,63.3,97.4,95.6,normal
117.2,65.0,97.7,99.2,normal
86.1,58.7,96.4,92.5,at_risk
115.9,78.7,97.3,97.4,normal
113.9,74.4,97.3,99.4,normal
114.9,69.1,97.7,95.8,normal
111.5,71.0,97.2,95.6,normal
113.6,74.2,97.1,97.8,normal
117.6,78.1,98.4,99.6,normal
71.4,96.5,104.9,87.7,critical
134.7,58.3,100.1,93.6,at_risk
97.3,75.0,97.4,96.9,normal
98.4,63.5,97.1,98.3,normal
77.5,43.6,104.9,78.2,critical
119.4,65.2,97.6,95.8,normal
72.3,44.7,94.2,84.5,critical
89.5,80.0,95.2,91.7,at_risk
89.9,87.9,99.5,91.9,at_risk
87.8,58.7,96.6,93.6,at_risk
106.8,75.0,98.2,95.5,normal
107.7,79.9,97.4,99.9,normal
100.0,68.3,98.2,96.1,normal
116.4,80.0,97.6,95.7,normal
85.5,81.7,96.1,93.7,at_risk
99.8,65.4,98.7,97.9,normal
123.0,89.6,99.3,93.2,at_risk
86.7,82.1,96.3,91.3,at_risk
68.0,115.6,103.5,78.1,critical
108.9,63.4,98.9,97.6,normal
88.1,58.8,100.7,90.5,at_risk
103.5,66.2,98.9,98.9,normal
85.8,57.1,100.0,91.3,at_risk
99.9,77.2,97.3,99.5,normal
117.5,75.8,98.2,98.3,normal
109.4,65.8,97.8,98.8,normal
116.0,67.5,98.1,99.7,normal
132.9,57.1,99.8,92.5,at_risk
162.6,40.7,93.7,71.2,critical
88.5,80.2,96.6,90.9,at_risk
68.9,93.6,94.1,83.8,critical
130.7,59.1,100.3,91.7,at_risk
132.5,59.3,96.9,90.6,at_risk
121.0,57.6,99.9,93.6,at_risk
69.3,45.4,92.3,87.8,critical
95.8,79.8,98.0,97.9,normal
89.1,58.4,96.2,90.7,at_risk
132.7,56.6,100.6,91.0,at_risk
136.2,57.7,95.6,90.7,at_risk
102.6,67.2,97.8,95.5,normal
111.8,70.7,97.9,98.2,normal
72.8,42.1,92.5,72.9,critical
89.6,57.9,96.4,90.1,at_risk
153.8,94.6,104.1,71.7,critical
107.7,65.4,98.1,99.4,normal
145.0,46.5,93.1,73.2,critical
134.0,55.5,95.8,91.0,at_risk
183.1,41.6,105.9,73.9,critical
100.0,75.5,98.4,98.2,normal
117.7,79.4,97.3,96.1,normal
87.2,57.8,100.1,93.7,at_risk
112.3,78.2,98.0,96.8,normal
116.7,67.9,98.8,99.2,normal
109.3,60.5,97.5,98.6,normal
127.1,80.7,99.7,90.4,at_risk
138.9,86.7,99.2,90.3,at_risk
106.8,70.6,97.5,98.2,normal
126.0,81.0,96.7,92.2,at_risk
130.6,87.3,100.4,92.2,at_risk
149.3,93.3,104.0,87.8,critical
187.9,101.0,94.5,88.4,critical
113.6,67.1,98.2,95.5,normal
107.5,64.6,98.1,96.1,normal
138.1,55.9,99.2,91.3,at_risk
86.8,55.6,100.7,91.1,at_risk
86.6,57.2,95.5,93.7,at_risk
112.3,79.5,98.9,96.2,normal
98.7,74.0,98.5,98.4,normal
99.2,71.6,98.0,98.6,normal
103.5,65.9,97.4,96.3,normal
103.7,60.7,97.4,98.7,normal
111.7,74.3,98.2,99.8,normal
113.5,79.2,98.7,95.8,normal
99.3,72.0,98.4,96.6,normal
133.8,81.7,95.5,93.2,at_risk
120.4,57.7,96.2,91.3,at_risk
119.3,74.5,97.7,95.5,normal
124.3,56.3,100.1,90.1,at_risk
112.0,74.9,97.2,96.1,normal
105.8,62.5,97.9,98.7,normal
88.4,84.5,100.1,91.3,at_risk
66.2,91.2,105.2,87.5,critical
101.2,67.7,97.1,99.0,normal
71.1,44.3,105.0,86.5,critical
88.6,82.3,99.6,91.6,at_risk
77.9,48.5,93.8,74.7,critical
110.5,69.2,98.1,99.5,normal
75.3,46.6,104.3,86.6,critical
73.1,43.3,94.8,73.4,critical
85.2,56.4,95.9,92.3,at_risk
135.4,55.6,100.5,93.7,at_risk
89.8,84.8,96.6,92.9,at_risk
114.3,62.9,97.4,98.4,normal
89.5,85.2,96.0,93.4,at_risk
104.5,75.0,98.8,98.8,normal
117.2,67.8,98.2,99.2,normal
114.6,71.9,98.8,95.9,normal
115.8,60.4,97.2,100.0,normal
119.4,63.7,97.7,98.8,normal
87.6,56.5,96.2,91.6,at_risk
107.6,63.8,98.8,97.9,normal
114.8,60.7,99.0,99.3,normal
122.2,86.8,95.9,91.1,at_risk
112.8,67.5,98.9,95.5,normal
112.7,64.5,98.3,95.8,normal
98.0,78.6,98.1,99.0,normal
109.8,69.9,98.9,98.7,normal
87.7,59.8,99.6,94.0,at_risk
173.5,42.8,104.0,77.7,critical
102.6,69.2,97.5,96.9,normal
136.7,82.7,100.7,92.9,at_risk
118.5,78.0,97.7,95.6,normal
134.6,84.0,95.2,90.3,at_risk
110.0,71.1,97.8,97.1,normal
106.4,79.1,98.7,95.7,normal
118.3,70.5,98.1,98.9,normal
107.0,79.4,98.3,95.8,normal
100.1,75.3,97.6,95.1,normal
148.5,48.2,105.8,72.0,critical
86.8,55.9,99.3,90.1,at_risk
104.5,73.7,97.5,97.1,normal
137.8,90.0,95.9,91.0,critical
98.5,77.1,98.2,99.4,normal
88.0,60.0,100.1,92.6,at_risk
88.8,82.6,96.0,92.0,at_risk
99.6,67.1,97.7,97.5,normal
139.4,80.0,96.1,91.6,at_risk
96.8,75.5,97.5,98.0,normal
89.4,82.5,100.7,93.6,at_risk
72.3,101.2,105.7,86.1,critical
165.6,40.0,103.9,78.5,critical
119.9,71.4,97.9,97.5,normal
157.0,118.4,93.7,72.1,critical
89.9,89.4,100.5,90.9,at_risk
100.3,78.1,98.8,95.5,normal
116.6,68.0,97.3,97.6,normal
100.5,74.4,98.3,95.5,normal
167.9,41.9,93.2,86.6,critical
97.0,73.1,98.3,95.5,normal
119.8,73.6,98.5,96.1,normal
101.9,65.0,97.5,96.0,normal
89.1,84.9,100.0,91.5,at_risk
116.5,69.8,97.1,98.5,normal
108.3,77.9,97.5,96.2,normal
103.5,62.1,98.4,96.0,normal
65.1,98.4,105.5,84.1,critical
86.3,89.9,96.8,93.0,at_risk
77.0,44.7,104.2,75.2,critical
98.1,76.1,97.0,96.6,normal
109.7,65.1,97.5,97.4,normal
122.4,86.4,95.5,90.6,at_risk
117.3,60.1,98.6,97.6,normal
133.4,89.6,95.2,92.0,at_risk
99.0,68.5,97.3,98.5,normal
130.6,87.9,99.3,90.8,at_risk
107.7,70.2,98.6,98.8,normal
65.1,48.0,105.7,84.9,critical
111.1,77.6,97.8,95.3,normal
88.4,55.7,100.3,92.8,at_risk
106.4,60.8,97.0,97.2,normal
112.1,74.5,98.8,98.8,normal
104.3,65.5,97.8,95.8,normal
108.0,74.4,98.4,97.3,normal
88.5,59.2,99.5,91.9,at_risk
136.1,56.1,95.5,92.5,at_risk
119.1,74.7,97.1,98.7,normal
111.3,64.2,98.4,96.5,normal
72.4,102.9,103.7,74.0,critical
117.9,61.6,97.9,97.7,normal
75.1,47.2,105.1,76.4,critical
107.7,67.2,98.6,99.9,normal
128.9,89.3,96.7,93.1,at_risk
63.9,40.4,92.3,72.0,critical
167.5,42.8,105.0,81.3,critical
104.0,77.2,97.8,99.6,normal
88.8,56.3,96.5,90.1,at_risk
76.0,114.9,105.1,74.0,critical
79.3,110.7,92.7,79.4,critical
87.3,81.0,99.2,92.3,at_risk
87.0,57.2,99.4,93.2,at_risk
118.3,62.2,98.3,98.4,normal
125.3,85.9,100.1,91.6,at_risk
178.5,103.5,105.6,78.5,critical
108.2,65.5,98.7,98.0,normal
115.1,66.6,97.6,96.9,normal
88.1,56.1,99.6,91.1,at_risk
108.5,79.1,97.8,97.1,normal
74.4,111.1,94.1,85.7,critical
103.6,74.5,97.0,96.4,normal
123.7,55.9,100.8,91.4,at_risk
119.6,60.6,98.3,96.9,normal
88.4,82.6,100.3,92.1,at_risk
101.2,75.2,97.2,96.8,normal
101.4,63.1,98.8,98.7,normal
87.6,86.4,95.9,92.6,at_risk
63.4,99.6,104.8,83.3,critical
88.4,85.0,95.7,91.4,at_risk
120.6,56.1,96.2,90.2,at_risk
170.1,100.4,92.7,75.6,critical
85.3,84.6,95.4,90.9,at_risk
85.7,59.1,99.7,93.5,at_risk
141.2,91.4,92.4,80.7,critical
137.2,89.9,100.3,92.1,at_risk
95.0,62.0,97.2,98.5,normal
117.4,78.6,99.0,99.7,normal
107.7,63.5,98.6,99.4,normal
161.7,46.8,95.0,86.9,critical
108.3,79.1,97.6,96.4,normal
125.6,84.3,100.1,90.8,at_risk
78.0,90.8,103.5,83.2,critical
88.7,85.7,95.4,91.8,at_risk
121.4,87.0,95.5,90.7,at_risk
100.6,70.7,98.4,98.9,normal
105.7,62.4,97.9,97.2,normal
89.0,56.2,96.1,91.8,at_risk
85.6,87.1,95.1,91.5,at_risk
183.2,101.1,94.0,72.2,critical
102.7,79.2,98.2,99.9,normal
106.4,66.5,97.4,95.7,normal
60.9,111.6,104.1,85.1,critical
96.4,76.0,97.5,97.9,normal
95.6,60.8,98.7,98.0,normal
138.9,58.8,99.8,92.8,at_risk
89.6,81.0,99.6,92.6,at_risk
86.7,88.4,96.4,90.0,at_risk
144.4,41.2,94.3,82.3,critical
117.5,71.9,97.4,96.3,normal
98.1,61.6,98.4,97.0,normal
122.2,86.1,99.2,90.8,at_risk
73.4,41.8,92.1,73.5,critical
126.8,59.6,99.4,92.6,at_risk
103.1,68.5,97.3,99.2,normal
105.0,77.9,98.0,97.7,normal
63.4,48.6,104.1,82.1,critical
120.0,67.3,97.1,99.3,normal
180.8,45.9,94.0,71.6,critical
70.5,41.4,92.2,77.2,critical
111.8,79.7,98.8,98.6,normal
101.0,63.7,97.7,96.2,normal
110.4,66.4,98.4,99.7,normal
88.8,89.0,99.6,93.5,at_risk
118.3,72.6,98.9,98.8,normal
100.8,67.9,97.3,97.5,normal
87.2,56.5,96.0,92.1,at_risk
129.3,59.9,100.3,90.6,at_risk
124.8,89.2,95.6,91.3,at_risk
88.8,86.5,96.3,91.0,at_risk
107.5,70.7,98.3,95.2,normal
121.2,55.9,96.7,91.7,at_risk
114.1,77.7,98.4,96.7,normal
98.6,63.4,97.3,95.7,normal
100.1,62.2,98.3,100.0,normal
142.3,40.9,104.8,80.6,critical
136.7,55.9,95.6,90.1,at_risk
105.6,70.2,97.4,99.8,normal
130.4,58.5,95.1,91.5,at_risk
89.4,86.8,96.0,93.3,at_risk
111.3,66.3,97.4,98.3,normal
126.3,82.7,99.5,93.1,at_risk
88.9,87.2,96.1,93.8,at_risk
103.7,78.0,98.4,95.1,normal
107.9,69.7,97.9,96.5,normal
69.8,41.5,94.6,79.5,critical
75.8,116.4,105.3,77.7,critical
112.1,66.1,98.1,99.7,normal
96.2,73.5,98.6,99.8,normal
104.8,76.9,98.6,98.1,normal
102.1,62.5,98.8,95.9,normal
86.8,57.5,95.8,90.2,at_risk
96.3,71.0,97.6,97.7,normal
118.3,77.9,97.4,96.7,normal
86.8,56.4,96.0,92.1,at_risk
122.1,57.7,96.0,93.5,at_risk
117.3,71.9,98.6,97.1,normal
105.8,69.1,98.1,95.5,normal
152.2,43.0,93.5,84.5,critical
88.4,80.2,96.0,93.9,at_risk
96.6,77.2,98.7,97.4,normal
88.7,58.7,100.6,92.5,at_risk
98.3,67.7,98.9,99.4,normal
130.7,83.6,99.4,91.2,at_risk
105.2,74.6,98.9,99.0,normal
147.0,46.2,94.9,71.9,critical
96.5,79.9,97.8,99.5,normal
113.8,64.4,98.0,99.1,normal
76.5,45.1,105.7,78.6,critical
136.2,87.1,95.4,93.5,at_risk
132.9,88.0,99.7,91.6,at_risk
176.5,116.8,104.5,86.4,critical
104.8,66.4,97.3,96.4,normal
118.1,74.8,97.6,98.8,normal
108.2,65.0,97.2,99.4,normal
115.6,68.3,97.0,98.7,normal
86.4,84.7,96.7,93.8,at_risk
69.4,49.0,93.6,81.1,critical
61.4,42.1,103.1,79.6,critical
96.7,65.2,98.1,98.7,normal
127.8,86.7,100.0,92.3,at_risk
101.2,71.4,97.0,96.3,normal
101.2,70.7,98.2,99.5,normal
118.2,73.0,98.8,99.2,normal
127.1,82.0,100.4,90.2,at_risk
106.3,66.0,98.1,95.7,normal
88.0,55.7,95.8,92.1,at_risk
118.5,72.1,97.3,97.5,normal
76.8,120.0,93.0,80.6,critical
124.1,57.3,100.9,93.4,at_risk
102.9,77.8,98.1,97.9,normal
131.0,87.6,96.5,91.0,at_risk
87.8,58.7,99.6,93.8,at_risk
90.0,84.7,100.4,90.8,at_risk
125.4,55.5,95.6,92.6,at_risk
117.9,68.1,98.4,98.6,normal
138.1,84.7,100.9,90.6,at_risk
134.3,84.7,100.0,92.2,at_risk
113.6,63.4,97.1,97.3,normal
60.3,94.5,94.4,70.6,critical
89.7,55.4,96.8,91.1,at_risk
117.5,63.4,98.8,97.9,normal
78.6,48.1,93.7,74.3,critical
129.1,59.7,96.3,90.4,at_risk
160.0,48.8,103.4,72.8,critical
89.5,59.6,100.3,91.3,at_risk
105.2,62.2,97.9,96.8,normal
111.1,79.0,97.4,98.6,normal
89.5,80.3,100.3,91.1,at_risk
175.5,40.8,94.1,71.1,critical
96.9,71.9,98.3,96.9,normal
129.8,56.3,95.7,91.8,at_risk
126.0,83.8,95.4,91.9,at_risk
78.5,99.8,104.7,73.3,critical
85.1,55.8,99.5,90.8,at_risk
126.5,59.1,96.2,92.5,at_risk
128.7,81.6,100.5,90.5,at_risk
77.6,45.4,92.6,77.7,critical
186.9,49.7,103.4,80.4,critical
108.1,71.1,97.8,100.0,normal
79.6,103.2,104.2,88.1,critical
99.7,76.2,97.5,99.0,normal
95.8,70.3,97.4,98.8,normal
138.5,57.8,96.6,93.4,at_risk
63.1,108.5,93.2,76.9,critical
87.4,81.5,100.8,91.5,at_risk
108.5,61.7,98.5,97.0,normal
139.5,88.3,95.5,93.6,at_risk
110.6,67.8,99.0,97.4,normal
104.5,73.1,97.2,98.0,normal
182.5,41.9,103.0,84.0,critical
104.5,68.2,98.0,98.3,normal
100.3,77.7,99.0,95.1,normal
126.8,80.6,95.9,93.3,at_risk
101.7,69.4,97.2,98.5,normal
101.8,60.1,98.4,99.2,normal
109.1,64.6,98.2,95.1,normal
89.6,57.7,95.8,92.1,at_risk
133.5,55.1,100.4,91.6,at_risk
110.6,73.6,98.0,95.2,normal
136.8,82.2,95.1,92.3,at_risk
74.3,104.0,93.0,85.4,critical
67.3,113.6,104.9,85.1,critical
124.6,82.8,95.3,93.5,at_risk
112.3,75.1,97.3,97.0,normal
127.1,86.3,96.1,90.3,at_risk
138.2,89.8,95.8,93.2,at_risk
112.5,60.5,98.7,95.8,normal
131.9,83.3,95.7,94.0,at_risk
131.5,84.8,96.8,90.7,at_risk
158.4,112.5,104.9,85.0,critical
88.3,55.4,99.7,90.7,at_risk
124.2,81.9,100.6,93.7,at_risk
86.8,57.0,99.4,90.2,at_risk
188.0,107.7,105.5,80.6,critical
137.3,88.9,96.1,91.5,at_risk
85.0,55.3,95.3,91.6,at_risk
119.6,77.1,98.9,98.9,normal
86.0,58.3,95.6,91.2,at_risk
113.6,74.9,98.3,98.2,normal
95.6,76.2,98.0,96.5,normal
96.6,67.0,98.6,99.6,normal
186.0,99.2,92.8,72.3,critical
118.9,74.8,98.5,95.4,normal
73.2,107.3,93.5,87.9,critical
100.2,71.0,97.2,96.4,normal
104.9,62.2,97.1,98.3,normal
88.3,84.3,96.4,91.8,at_risk
61.7,42.1,103.4,80.5,critical
134.7,59.9,96.4,91.7,at_risk
125.5,57.3,100.4,93.5,at_risk
105.7,69.3,99.0,98.4,normal
95.7,71.3,97.2,99.2,normal
129.2,82.0,96.6,92.6,at_risk
105.0,60.7,98.5,99.2,normal
100.0,60.8,98.9,99.0,normal
107.0,65.8,98.2,98.6,normal
116.8,70.3,97.3,98.1,normal
138.7,82.0,96.9,92.3,at_risk
156.0,41.6,105.3,73.0,critical
110.4,71.0,98.6,96.3,normal
87.9,88.5,99.1,90.5,at_risk
95.7,64.2,97.9,97.1,normal
109.7,71.0,97.2,99.7,normal
116.4,60.0,98.8,95.1,normal
88.7,87.1,99.2,91.1,at_risk
85.2,58.9,96.0,91.5,at_risk
113.8,66.8,97.9,97.0,normal
88.3,86.1,95.3,90.3,at_risk
110.4,73.3,98.9,95.8,normal
69.1,41.1,94.0,72.6,critical
110.8,72.3,98.1,96.3,normal
97.4,64.5,98.8,99.9,normal
88.2,57.6,100.3,91.6,at_risk
88.9,59.8,95.6,93.2,at_risk
100.3,67.3,98.8,95.7,normal
107.3,65.5,98.1,97.3,normal
97.8,62.8,98.6,99.4,normal
97.8,61.1,98.2,98.6,normal
112.0,74.3,98.9,95.3,normal
96.7,77.4,98.6,97.9,normal
101.8,66.0,98.1,96.3,normal
113.3,66.0,97.9,95.6,normal
168.3,104.5,104.7,81.5,critical
102.5,60.8,97.1,96.4,normal
87.5,59.5,99.3,91.8,at_risk
107.4,61.7,99.0,97.9,normal
109.1,61.5,98.6,99.6,normal
66.5,41.6,94.7,83.0,critical
110.7,77.7,98.6,96.9,normal
102.1,67.0,98.0,97.1,normal
99.1,66.9,98.1,98.0,normal
88.7,59.5,95.3,90.9,at_risk
100.5,63.9,97.3,99.7,normal
100.1,64.9,98.9,98.8,normal
122.1,57.2,96.5,90.2,at_risk
105.3,71.0,97.6,96.4,normal
142.1,43.3,103.4,70.6,critical
99.3,65.0,98.8,97.2,normal
109.7,62.8,97.5,97.7,normal
112.0,69.8,98.5,99.7,normal
103.4,66.4,97.3,99.1,normal
87.7,58.6,100.1,91.8,at_risk
86.6,59.4,95.2,92.8,at_risk
76.7,108.5,105.6,84.2,critical
126.1,87.4,96.0,92.3,at_risk
140.4,47.5,103.0,83.8,critical
124.3,57.6,100.6,91.6,at_risk
150.4,115.0,93.5,77.7,critical
88.3,87.0,95.5,90.8,at_risk
160.9,49.7,93.2,72.9,critical
123.2,86.4,96.4,93.0,at_risk
132.5,55.1,95.9,93.3,at_risk
116.0,79.3,97.9,97.8,normal
86.3,80.6,99.3,93.5,at_risk
101.6,61.5,98.6,95.3,normal
125.0,89.9,100.1,92.4,at_risk
77.4,101.8,92.9,79.0,critical
60.9,107.1,93.4,84.8,critical
134.0,83.4,99.9,91.4,at_risk
100.9,76.6,98.4,96.2,normal
107.7,70.6,98.8,96.9,normal
162.1,49.7,93.4,75.8,critical
105.6,79.3,97.8,96.7,normal
95.3,62.7,98.7,99.9,normal
108.4,79.3,97.3,95.9,normal
175.3,99.1,93.7,81.4,critical
127.8,56.1,99.9,91.2,at_risk
100.4,76.5,98.2,98.5,normal
65.0,49.1,94.7,83.0,critical
117.7,73.4,98.3,97.8,normal
118.3,72.6,99.0,97.7,normal
121.1,59.4,99.5,90.7,at_risk
86.2,83.4,96.7,91.3,at_risk
88.6,58.5,95.7,91.7,at_risk
118.8,64.8,97.9,99.7,normal
88.0,58.6,96.4,91.8,at_risk
130.0,58.9,99.9,93.4,at_risk
110.0,67.8,97.8,98.7,normal
112.3,60.3,97.6,96.6,normal
88.2,89.2,95.8,92.3,at_risk
86.9,85.7,95.4,92.1,at_risk
167.6,113.7,93.9,88.9,critical
85.1,58.7,100.6,90.4,at_risk
111.6,73.5,97.6,98.5,normal
95.0,63.3,98.8,96.1,normal
112.1,68.8,98.6,99.3,normal
70.1,105.1,92.0,86.8,critical
75.5,101.2,94.1,70.4,critical
108.9,78.5,97.2,98.0,normal
117.2,75.3,97.7,95.8,normal
110.5,68.1,97.6,99.9,normal
85.9,55.4,96.7,92.1,at_risk
71.7,47.9,103.8,84.2,critical
77.4,103.0,104.0,78.0,critical
100.0,63.1,98.0,97.6,normal
72.0,45.2,92.1,76.7,critical
85.7,86.2,96.8,93.9,at_risk
118.8,71.6,98.6,97.2,normal
89.5,83.6,100.7,91.2,at_risk
87.5,58.1,99.8,91.0,at_risk
112.9,70.4,98.4,96.3,normal
128.9,87.8,99.6,93.8,at_risk
138.5,56.3,95.7,93.8,at_risk
78.1,114.6,103.1,73.0,critical
65.4,110.2,93.1,74.3,critical
107.0,63.4,98.5,96.2,normal
109.2,65.7,97.8,99.1,normal
97.1,66.6,97.8,97.7,normal
114.7,60.8,97.9,96.9,normal
87.6,55.4,99.4,92.3,at_risk
73.5,48.9,104.4,78.1,critical
104.2,71.8,97.7,96.1,normal
117.0,68.8,98.3,97.5,normal
69.6,97.2,103.5,75.2,critical
119.0,70.4,98.1,99.7,normal
184.2,99.5,104.7,77.3,critical
136.3,56.6,100.3,93.4,at_risk
126.5,83.8,96.4,92.6,at_risk
136.3,55.5,96.7,93.0,at_risk
142.1,41.8,103.5,88.7,critical
137.0,82.7,100.3,90.4,at_risk
128.7,83.6,96.3,92.6,at_risk
99.5,72.5,98.3,98.9,normal
113.1,73.7,98.9,96.1,normal
132.0,59.4,95.5,91.0,at_risk
100.3,71.4,98.4,98.4,normal
114.5,65.1,97.3,96.7,normal
88.2,85.7,95.8,90.4,at_risk
107.9,76.5,97.2,96.7,normal
172.4,104.3,94.8,73.3,critical
117.3,78.8,98.1,97.5,normal
132.3,80.1,96.5,93.5,at_risk
124.6,83.9,99.7,92.8,at_risk
130.3,56.7,96.6,92.5,at_risk
117.1,65.4,97.5,96.5,normal
87.5,55.6,96.5,90.6,at_risk
116.8,65.8,97.6,96.0,normal
130.3,59.6,96.0,93.0,at_risk
107.3,78.3,98.9,99.6,normal
100.8,66.0,97.9,96.6,normal
110.5,75.3,98.5,99.1,normal
96.2,75.8,98.1,97.9,normal
101.4,72.8,98.7,99.6,normal
89.2,84.3,100.5,93.3,at_risk
95.1,77.5,98.8,99.0,normal
104.3,74.9,98.0,95.8,normal
119.3,63.0,98.5,97.4,normal
87.2,56.1,100.5,92.3,at_risk
73.0,119.1,94.7,88.3,critical
104.1,74.1,97.4,96.8,normal
110.0,63.3,98.1,99.3,normal
85.4,87.1,99.6,90.2,at_risk
167.0,109.5,105.9,73.3,critical
87.6,89.1,95.8,90.2,at_risk
136.3,58.4,95.2,90.5,at_risk
121.4,80.3,100.7,92.4,at_risk
89.3,59.5,100.4,93.1,at_risk
117.1,70.6,98.9,96.5,normal
133.9,89.9,95.7,91.8,at_risk
101.7,68.6,97.8,98.2,normal
154.9,42.7,103.0,87.8,critical
147.8,97.6,105.3,80.2,critical
119.3,71.2,97.5,96.2,normal
85.0,58.1,95.8,93.4,at_risk
104.2,71.7,97.6,99.9,normal
106.7,77.5,97.2,99.1,normal
89.5,82.0,99.2,93.8,at_risk
173.1,49.0,105.8,74.5,critical
103.6,63.3,97.6,98.7,normal
86.8,82.6,96.9,91.5,at_risk
85.6,88.2,99.7,93.5,at_risk
86.4,56.0,96.0,93.1,at_risk
89.1,56.1,100.4,90.2,at_risk
107.7,70.5,97.1,99.1,normal
86.6,56.8,99.5,90.0,at_risk
102.0,77.8,98.9,95.4,normal
85.5,58.3,100.3,92.2,at_risk
131.8,88.9,96.6,92.9,at_risk
72.2,105.4,92.3,86.5,critical
111.4,75.1,97.4,96.7,normal
110.1,76.0,98.2,95.9,normal
86.5,57.4,96.1,93.9,at_risk
130.2,56.0,96.1,91.0,at_risk
111.2,63.2,98.9,97.8,normal
128.7,58.6,96.2,93.6,at_risk
115.3,71.2,98.1,99.8,normal
86.8,80.4,100.1,93.3,at_risk
87.2,86.4,96.3,93.2,at_risk
108.2,79.2,97.2,98.4,normal
155.0,104.2,104.0,70.7,critical
102.1,65.1,98.2,97.3,normal
95.9,61.8,97.7,95.0,normal
127.2,84.0,99.6,90.9,at_risk
89.0,87.9,99.7,93.4,at_risk
96.5,67.5,97.4,99.7,normal
121.0,87.2,95.9,93.4,at_risk
86.2,80.4,96.9,92.9,at_risk
100.7,62.0,98.5,95.9,normal
105.7,60.8,98.9,98.1,normal
99.3,71.4,97.7,98.9,normal
128.7,81.9,100.6,93.0,at_risk
72.8,40.0,93.2,75.1,critical
106.9,61.4,97.1,96.5,normal
97.9,68.1,97.6,95.1,normal
64.2,102.6,105.9,78.9,critical
136.7,81.4,95.8,93.5,at_risk
101.0,65.3,97.5,96.0,normal
71.2,107.0,93.2,81.6,critical
135.2,55.6,100.5,91.0,at_risk
100.2,68.0,98.5,96.3,normal
129.8,58.0,96.0,93.1,at_risk
119.2,76.2,98.5,98.8,normal
113.8,67.7,98.8,95.9,normal
108.8,66.4,97.8,97.5,normal
166.2,43.6,92.4,84.2,critical
97.7,65.3,97.5,97.4,normal
87.5,57.2,95.9,92.2,at_risk
137.5,81.3,95.2,92.4,at_risk
96.3,75.4,97.7,99.4,normal
112.9,78.8,98.3,97.1,normal
130.9,57.0,99.1,90.1,at_risk
87.7,56.8,96.2,92.9,at_risk
101.6,75.0,97.4,96.2,normal
113.0,72.4,98.4,96.1,normal
86.8,87.0,95.4,92.6,at_risk
101.7,67.9,97.6,96.1,normal
171.9,104.6,94.9,73.1,critical
113.3,65.0,97.7,99.1,normal
115.9,72.8,97.7,95.6,normal
103.4,62.8,97.5,95.3,normal
122.9,57.4,100.4,93.5,at_risk
68.2,44.4,103.5,88.6,critical
112.2,70.8,98.0,95.3,normal
117.1,68.2,98.2,97.6,normal
104.7,71.1,97.3,96.9,normal
119.6,67.0,98.3,95.7,normal
116.8,74.6,97.6,97.5,normal
112.7,61.4,98.5,97.7,normal
116.6,79.7,97.5,99.0,normal
89.8,58.5,96.0,90.4,at_risk
107.8,66.4,97.8,99.9,normal
108.5,62.0,97.6,97.6,normal
61.3,109.3,92.2,83.5,critical
119.0,66.5,99.0,96.0,normal
102.8,77.7,98.0,95.7,normal
102.8,71.8,97.7,98.7,normal
87.5,56.5,99.9,93.7,at_risk
78.4,90.3,104.4,79.9,critical
77.0,46.1,93.6,73.3,critical
68.0,97.9,105.8,71.2,critical
104.8,74.0,97.1,96.7,normal
135.8,59.4,96.4,91.9,at_risk
186.5,110.8,104.1,72.5,critical
87.5,87.9,95.8,90.4,at_risk
113.3,78.4,97.5,96.8,normal
112.3,79.2,98.3,98.1,normal
88.6,88.8,100.5,93.6,at_risk
110.2,62.5,97.2,97.2,normal
113.2,79.4,98.1,96.2,normal
182.7,46.5,94.8,75.2,critical
124.6,55.1,96.6,93.4,at_risk
112.6,62.9,98.6,96.2,normal
129.1,55.2,96.0,92.9,at_risk
105.6,71.3,98.9,95.5,normal
110.2,79.0,99.0,97.4,normal
87.8,84.4,100.0,92.0,at_risk
106.3,61.8,97.1,99.3,normal
109.4,63.0,97.5,96.8,normal
96.1,77.5,97.0,95.3,normal
74.5,41.9,92.2,71.5,critical
164.5,115.7,103.4,72.9,critical
133.6,55.6,99.8,90.3,at_risk
125.6,82.5,96.8,92.8,at_risk
85.6,82.9,96.1,90.5,at_risk
89.4,55.8,95.9,90.6,at_risk
86.0,81.4,95.9,91.4,at_risk
103.2,64.9,98.2,99.5,normal
99.7,76.8,98.5,99.7,normal
98.6,70.8,98.2,97.4,normal
87.4,57.5,95.7,92.5,at_risk
133.9,83.5,96.4,91.5,at_risk
87.9,83.0,100.4,90.0,at_risk
89.2,86.0,100.0,91.6,at_risk
175.4,108.4,105.2,81.0,critical
108.2,73.3,97.7,100.0,normal
88.6,86.3,96.6,91.6,at_risk
85.1,85.9,96.8,92.5,at_risk
107.3,73.1,98.2,95.7,normal
111.8,76.2,98.8,99.1,normal
160.4,46.3,105.4,74.5,critical
128.6,81.7,96.3,93.0,at_risk
120.6,55.3,95.5,93.4,at_risk
119.2,66.8,99.0,96.3,normal
86.8,56.1,95.9,90.9,at_risk
87.5,59.7,96.9,93.2,at_risk
97.0,66.0,98.0,97.0,normal
118.9,79.1,97.6,98.7,normal
124.7,58.9,100.6,90.5,at_risk
103.3,78.3,98.6,96.6,normal
110.4,65.1,98.1,99.7,normal
87.0,56.9,96.4,90.1,at_risk
87.0,89.6,99.4,91.0,at_risk
101.9,73.9,97.9,97.6,normal
145.7,106.8,92.9,70.9,critical
116.3,75.1,98.0,97.9,normal
116.0,75.7,98.3,97.3,normal
184.0,41.0,104.2,85.3,critical
146.7,40.7,104.7,76.1,critical
143.8,98.1,93.6,71.5,critical
118.8,62.2,97.6,95.2,normal
112.5,67.3,97.9,95.8,normal
85.9,84.6,99.3,91.9,at_risk
137.0,83.9,96.1,92.8,at_risk
63.8,114.6,93.7,86.6,critical
103.6,78.6,98.2,95.9,normal
139.8,80.2,96.7,93.6,at_risk
97.4,65.0,97.5,99.9,normal
89.2,58.6,95.6,91.0,at_risk
69.3,45.5,94.6,88.2,critical
61.7,40.3,93.7,85.6,critical
88.3,82.1,99.9,90.8,at_risk
118.0,74.3,98.5,99.0,normal
114.2,79.6,98.4,97.1,normal
85.6,86.1,100.0,91.9,at_risk
138.2,89.1,95.3,93.9,at_risk
116.1,79.8,99.0,97.2,normal
126.1,80.8,96.7,92.5,at_risk
102.8,68.4,97.3,97.5,normal
96.2,70.4,97.5,95.5,normal
117.9,74.5,98.6,99.4,normal
72.2,102.2,93.4,81.1,critical
134.6,58.7,96.8,93.6,at_risk
102.7,74.5,97.6,95.3,normal
113.0,66.5,98.3,98.3,normal
87.2,82.0,95.1,92.8,at_risk
113.8,74.8,97.1,98.4,normal
139.3,56.5,95.9,90.3,at_risk
65.5,112.0,92.3,77.6,critical
170.0,112.7,93.4,74.3,critical
109.4,71.2,98.5,98.8,normal
89.5,84.6,99.2,91.5,at_risk
104.1,64.3,98.0,98.3,normal
124.6,55.3,99.7,92.7,at_risk
182.6,110.4,92.7,85.1,critical
141.3,111.5,105.6,81.3,critical
95.5,61.9,97.6,98.3,normal
109.0,62.4,97.4,95.9,normal
111.8,69.3,98.7,95.5,normal
102.7,75.3,97.6,97.0,normal
97.0,78.8,98.1,98.9,normal
85.4,55.9,100.2,90.2,at_risk
86.2,87.2,95.2,93.4,at_risk
89.9,82.2,99.9,92.0,at_risk
144.1,47.5,105.4,86.5,critical
111.4,70.1,98.5,97.4,normal
104.1,77.2,97.9,96.1,normal
179.8,112.8,94.1,74.2,critical
113.4,77.8,97.5,95.4,normal
111.4,67.4,98.1,98.7,normal
120.0,66.0,99.0,96.0,normal
113.8,74.0,98.6,96.7,normal
146.0,113.4,104.3,84.7,critical
143.2,118.4,103.4,79.4,critical
170.4,43.2,103.5,83.5,critical
138.9,89.3,96.3,92.1,at_risk
111.5,71.3,97.0,96.0,normal
87.5,59.8,95.3,92.4,at_risk
103.8,76.5,97.0,99.0,normal
139.7,85.6,95.7,93.4,at_risk
89.0,59.5,95.4,93.9,at_risk
88.0,82.5,95.8,92.9,at_risk
114.9,63.3,98.1,97.5,normal
104.1,61.7,97.9,99.2,normal
114.1,63.7,98.3,99.6,normal
117.5,70.1,97.6,99.5,normal
95.7,72.0,98.6,98.8,normal
118.8,74.1,98.9,96.6,normal
137.2,81.4,100.8,91.5,at_risk
107.9,76.9,97.9,97.2,normal
71.3,44.7,104.2,82.5,critical
120.6,58.9,96.9,92.0,at_risk
89.4,58.3,99.3,93.3,at_risk
137.2,85.5,100.3,91.8,at_risk
185.3,44.4,103.7,86.1,critical
89.2,56.1,100.1,90.2,at_risk
106.4,66.6,98.4,97.6,normal
117.4,65.9,98.5,98.9,normal
72.3,49.4,104.3,73.6,critical
113.3,61.8,97.7,99.6,normal
125.3,58.9,96.5,90.6,at_risk
75.2,45.2,104.0,70.6,critical
107.6,71.7,98.3,98.6,normal
86.5,58.8,95.8,93.0,at_risk
98.9,64.7,97.7,99.0,normal
85.3,87.8,96.1,92.8,at_risk
107.5,69.1,97.0,97.0,normal
131.4,57.0,96.4,93.7,at_risk
100.5,72.2,98.2,97.2,normal
139.2,55.8,100.4,91.3,at_risk
103.1,66.2,98.5,98.7,normal
87.6,57.4,96.7,91.0,at_risk
88.5,82.1,96.5,92.5,at_risk
105.1,63.1,98.1,99.2,normal
120.7,85.4,96.5,91.4,at_risk
162.8,112.9,105.8,84.0,critical
117.6,65.7,98.9,98.8,normal
142.7,100.7,92.8,78.8,critical
116.5,66.6,97.5,98.7,normal
116.2,66.6,98.4,95.2,normal
103.6,76.3,98.9,97.3,normal
79.3,49.8,92.0,76.4,critical
128.9,88.1,99.5,90.9,at_risk
89.3,58.6,95.9,92.6,at_risk
88.8,86.6,96.7,91.5,at_risk
113.9,61.0,98.1,96.5,normal
114.3,64.3,97.4,96.4,normal
85.1,80.3,100.7,92.8,at_risk
99.9,66.8,98.6,98.9,normal
185.8,96.2,103.3,73.7,critical
113.6,77.7,98.3,95.7,normal
68.7,40.9,92.3,72.4,critical
99.8,65.1,97.6,98.2,normal
97.0,63.8,98.7,98.1,normal
86.1,86.2,96.7,90.3,at_risk
98.1,64.5,97.2,99.8,normal
106.1,78.0,98.4,98.1,normal
136.6,56.6,96.7,92.7,at_risk
113.2,60.3,97.3,96.2,normal
121.3,86.5,96.7,92.7,at_risk
142.9,47.9,94.9,88.0,critical
87.0,58.7,100.1,90.4,at_risk
95.6,66.9,98.4,95.5,normal
62.1,110.0,93.2,76.7,critical
114.3,63.5,97.5,95.5,normal
105.3,61.3,98.7,97.6,normal
88.3,85.8,96.0,93.7,at_risk
120.3,59.1,95.9,90.6,at_risk
133.8,59.1,95.7,90.3,at_risk
120.9,58.8,99.2,90.0,at_risk
127.9,58.6,100.6,92.7,at_risk
105.3,78.8,97.9,99.9,normal
112.9,71.6,98.0,99.9,normal
117.4,73.8,97.5,99.5,normal
115.4,67.8,98.7,98.2,normal
111.2,63.8,97.8,95.9,normal
100.3,70.7,98.0,97.5,normal
112.1,74.1,97.7,99.4,normal
86.4,57.6,95.8,91.6,at_risk
124.4,56.9,96.8,93.4,at_risk
100.7,65.2,97.8,99.0,normal
100.1,61.3,97.2,98.8,normal
113.2,73.6,97.3,95.7,normal
134.4,59.9,99.1,91.0,at_risk
113.4,78.3,97.2,96.0,normal
140.8,40.0,93.4,76.3,critical
105.0,74.1,98.1,99.6,normal
112.7,66.6,97.4,97.6,normal
122.7,59.8,99.4,92.8,at_risk
142.0,92.1,103.2,87.1,critical
96.2,63.8,97.1,95.9,normal
98.0,63.3,97.9,96.7,normal
88.2,57.2,96.0,94.0,at_risk
89.6,59.5,99.5,93.2,at_risk
100.6,71.5,97.5,98.3,normal
88.3,87.7,95.9,93.9,at_risk
100.8,63.6,99.0,98.8,normal
115.7,70.9,97.6,98.7,normal
85.2,55.2,100.3,92.4,at_risk
79.7,47.3,104.1,79.8,critical
132.0,59.9,95.7,90.5,at_risk
102.2,77.8,97.3,99.6,normal
134.3,86.7,99.6,90.4,at_risk
121.4,81.2,96.6,90.3,at_risk
89.5,82.6,96.0,91.8,at_risk
106.7,77.9,97.8,97.0,normal
135.1,56.0,96.1,92.2,at_risk
112.1,79.6,97.4,96.6,normal
123.4,59.3,99.9,92.1,at_risk
108.8,74.4,97.2,98.5,normal
115.3,70.7,97.7,96.7,normal
162.6,47.5,92.7,79.6,critical
88.7,59.4,100.1,93.5,at_risk
115.9,74.7,98.6,96.1,normal
89.2,59.3,100.4,93.2,at_risk
103.0,69.3,97.3,96.8,normal
63.0,110.5,92.4,70.8,critical
100.3,62.0,97.5,96.0,normal
64.6,101.9,93.2,77.7,critical
119.1,72.0,98.3,98.6,normal
132.7,87.9,100.9,92.0,at_risk
121.7,83.3,95.8,91.0,at_risk
86.6,55.8,100.6,93.9,at_risk
85.1,59.9,96.1,91.6,at_risk
100.6,78.9,97.0,97.7,normal
102.2,61.8,98.7,98.0,normal
174.4,41.3,104.5,76.6,critical
87.0,57.9,99.5,90.4,at_risk
105.0,76.4,98.7,98.7,normal
156.1,98.8,93.0,75.2,critical
114.7,76.3,97.4,95.8,normal
106.6,64.9,98.0,96.9,normal
113.8,63.0,98.6,97.8,normal
75.0,116.5,93.0,87.0,critical
88.1,55.1,100.5,92.3,at_risk
111.2,64.9,97.9,97.4,normal
116.9,70.5,98.7,96.3,normal
95.5,61.9,97.3,95.4,normal
185.6,49.2,92.4,79.4,critical
87.2,84.7,99.3,90.6,at_risk
104.1,77.5,97.3,96.1,normal
118.2,70.1,98.3,96.9,normal
100.6,76.1,98.8,97.5,normal
115.2,73.5,97.1,96.8,normal
131.5,55.5,99.7,92.4,at_risk
154.1,98.4,103.3,70.6,critical
108.6,76.0,98.5,99.8,normal
126.0,86.5,99.4,90.7,at_risk
124.8,59.6,95.5,92.1,at_risk
110.3,80.0,98.3,96.9,normal
118.3,77.4,97.9,96.8,normal
85.6,82.7,95.1,93.4,at_risk
100.5,73.3,98.8,98.4,normal
104.0,74.8,98.5,98.0,normal
118.1,71.0,98.6,96.1,normal
116.9,61.0,98.0,97.4,normal
86.1,84.5,99.4,90.2,at_risk
100.8,68.6,98.4,95.7,normal
88.3,58.5,96.8,91.4,at_risk
98.7,63.7,97.7,99.5,normal
113.1,61.7,98.2,97.4,normal
69.1,42.7,93.0,86.3,critical
97.2,64.8,98.8,96.7,normal
112.9,66.4,97.7,98.7,normal
117.4,71.2,98.1,96.3,normal
168.6,110.8,94.0,89.0,critical
117.4,67.6,98.4,98.0,normal
97.0,60.4,97.7,98.7,normal
110.1,65.8,98.6,99.0,normal
130.5,85.1,96.3,92.3,at_risk
132.7,85.1,95.6,91.6,at_risk
101.1,77.9,98.1,97.4,normal
85.6,88.1,99.6,94.0,at_risk
127.3,59.3,100.6,90.0,at_risk
110.0,72.6,98.0,95.6,normal
116.3,77.4,98.3,98.3,normal
87.1,56.6,100.8,93.3,at_risk
89.5,84.6,100.2,90.3,at_risk
105.2,74.4,97.4,98.2,normal
88.0,85.8,96.9,90.7,at_risk
136.6,55.6,96.9,90.4,at_risk
115.6,78.3,97.4,97.7,normal
107.3,68.7,97.5,98.5,normal
96.3,75.4,98.3,97.5,normal
129.9,83.0,100.3,90.7,at_risk
97.1,70.5,98.7,95.6,normal
97.0,77.0,97.2,99.9,normal
103.2,61.8,98.2,97.9,normal
86.8,83.2,95.6,91.3,at_risk
104.9,62.0,98.5,96.8,normal
186.3,48.5,104.2,87.2,critical
87.9,57.8,96.3,93.6,at_risk
122.3,85.2,100.6,92.5,at_risk
100.5,61.3,98.5,97.5,normal
108.9,67.1,98.7,97.6,normal
119.6,61.5,98.4,97.2,normal
111.9,62.5,98.7,96.3,normal
110.8,60.0,97.9,99.5,normal
88.3,83.2,96.6,92.2,at_risk
155.9,98.7,95.0,79.0,critical
124.5,81.6,96.5,91.0,at_risk
108.2,65.5,98.6,95.0,normal
74.3,44.1,94.3,83.4,critical
97.1,76.8,97.9,97.3,normal
171.1,95.2,94.8,88.0,critical
85.9,59.1,100.4,90.2,at_risk
89.0,58.7,99.3,91.3,at_risk
97.7,62.6,97.1,95.4,normal
103.0,74.1,98.7,98.9,normal
122.0,80.9,99.7,90.7,at_risk
110.7,67.7,97.1,99.6,normal
109.8,77.7,97.8,99.1,normal
148.7,112.1,94.1,76.8,critical
97.3,71.5,99.0,99.1,normal
108.4,65.6,97.3,97.4,normal
130.4,81.4,96.5,93.4,at_risk
149.1,110.7,105.9,75.2,critical
86.6,88.6,96.7,93.6,at_risk
101.7,63.1,98.1,98.7,normal
113.9,73.4,98.5,99.7,normal
103.6,73.7,98.6,96.0,normal
142.9,43.0,95.0,73.5,critical
111.6,69.6,98.5,99.8,normal
112.7,64.6,97.8,95.2,normal
103.0,66.8,98.8,98.7,normal
64.8,110.5,93.6,79.5,critical
98.7,64.7,98.3,97.5,normal
109.1,62.5,98.5,98.6,normal
110.2,70.1,97.1,96.4,normal
145.0,115.7,105.7,70.8,critical
87.1,86.6,96.7,90.8,at_risk
86.6,89.2,96.1,92.4,at_risk
98.8,69.4,98.4,99.0,normal
123.3,56.4,100.0,91.3,at_risk
124.0,57.5,96.8,91.6,at_risk
131.5,59.3,95.2,92.0,at_risk
133.6,58.3,95.6,92.0,at_risk
131.3,58.9,99.7,93.6,at_risk
117.3,67.8,98.1,97.6,normal
138.8,59.2,96.7,91.0,at_risk
114.4,66.4,98.6,95.9,normal
88.3,56.1,100.0,91.0,at_risk
119.3,77.2,97.0,99.9,normal
112.4,74.3,98.8,99.4,normal
111.1,67.9,98.1,97.8,normal
106.6,64.2,98.2,98.8,normal
119.4,61.1,98.2,97.9,normal
100.6,78.1,98.1,97.2,normal
117.2,67.3,98.7,96.5,normal
122.9,58.0,100.0,93.2,at_risk
122.1,89.0,95.4,92.1,at_risk
124.7,56.1,95.9,93.3,at_risk
113.9,68.8,98.6,99.9,normal
116.6,72.4,98.6,98.3,normal
100.7,61.4,98.1,100.0,normal
126.5,56.5,99.3,93.7,at_risk
98.8,63.6,98.3,97.0,normal
102.3,70.6,97.2,95.0,normal
64.4,100.0,94.6,80.9,critical
136.8,58.1,99.3,92.1,at_risk
100.8,75.3,98.3,95.8,normal
98.5,77.1,97.2,98.3,normal
86.4,86.4,100.4,91.0,at_risk
115.9,75.4,98.6,97.6,normal
156.3,43.0,103.2,88.8,critical
184.9,101.1,94.3,74.8,critical
118.7,67.2,97.0,98.9,normal
122.6,57.5,100.7,92.1,at_risk
102.3,66.6,97.9,99.4,normal
87.4,83.5,96.1,93.9,at_risk
106.0,61.3,98.7,97.8,normal
97.8,78.9,98.1,96.4,normal
101.8,72.0,98.9,99.3,normal
136.5,81.9,96.9,93.4,at_risk
66.7,101.3,92.0,78.2,critical
131.6,56.3,95.6,90.2,at_risk
99.5,73.0,98.7,96.6,normal
87.0,55.2,95.3,93.4,at_risk
134.7,58.9,96.8,91.4,at_risk
88.3,57.5,95.3,93.8,at_risk
156.1,41.9,105.8,82.0,critical
163.3,44.7,93.7,75.6,critical
148.3,42.0,105.0,75.0,critical
117.1,75.5,97.1,99.2,normal
101.3,78.4,98.7,98.9,normal
89.4,85.2,96.7,90.5,at_risk
117.3,69.7,97.3,96.9,normal
100.0,61.0,97.9,99.0,normal
86.0,58.9,96.0,90.9,at_risk
97.8,75.6,98.8,99.6,normal
61.4,111.7,93.4,75.5,critical
107.2,61.3,98.0,97.1,normal
85.9,82.5,96.9,93.5,at_risk
85.8,57.5,99.4,93.1,at_risk
146.2,42.9,93.7,83.5,critical
97.7,67.7,97.9,98.1,normal
137.8,89.6,100.1,90.1,at_risk
71.2,49.5,104.2,83.8,critical
119.7,74.3,97.7,95.7,normal
125.9,86.8,96.1,90.6,at_risk
109.9,78.8,98.2,98.9,normal
129.9,81.4,95.9,90.6,at_risk
121.4,59.3,96.5,90.7,at_risk
107.4,79.3,98.9,99.3,normal
119.1,73.8,97.8,98.5,normal
98.7,76.6,98.3,96.8,normal
138.1,57.9,100.9,93.3,at_risk
101.9,64.1,98.6,99.7,normal
104.5,78.3,97.7,98.6,normal
106.1,70.1,98.5,96.4,normal
102.6,71.1,98.8,99.2,normal
117.0,61.9,97.8,98.8,normal
96.0,66.6,98.5,97.6,normal
115.3,75.3,98.6,97.3,normal
99.3,74.8,98.5,99.9,normal
98.1,62.8,97.4,97.6,normal
169.5,101.3,104.9,86.1,critical
104.2,62.5,97.8,95.2,normal
105.0,69.6,98.1,96.4,normal
130.2,81.7,96.6,92.5,at_risk
71.3,46.3,104.1,87.2,critical
139.6,82.0,95.6,92.2,at_risk
155.6,48.0,95.0,88.2,critical
96.0,77.4,98.5,96.2,normal
79.0,49.4,104.0,79.9,critical
103.0,60.3,98.5,98.6,normal
137.6,55.9,100.6,92.2,at_risk
113.6,70.1,97.3,97.9,normal
71.7,43.5,93.1,88.8,critical
167.0,41.0,104.2,88.9,critical
106.3,74.2,98.9,99.5,normal
99.2,75.1,98.4,95.7,normal
86.1,89.0,95.7,92.7,at_risk
122.2,57.6,96.4,92.2,at_risk
117.7,73.0,98.0,99.1,normal
85.0,59.3,100.0,92.7,at_risk
95.4,62.3,97.5,99.1,normal
138.4,85.9,99.2,92.8,at_risk
105.1,66.7,97.7,98.8,normal
120.8,86.5,100.8,90.6,at_risk
88.3,80.4,100.9,91.9,at_risk
65.6,46.5,103.5,86.8,critical
114.7,73.5,97.4,96.4,normal
98.1,78.3,98.5,96.8,normal
112.2,68.5,97.5,97.2,normal
67.4,117.7,92.6,82.8,critical
118.0,64.9,97.5,99.1,normal
100.6,70.1,98.7,95.7,normal
89.3,58.1,95.3,91.8,at_risk
122.1,86.1,99.9,93.8,at_risk
124.7,83.3,95.2,93.8,at_risk
173.2,90.6,103.5,82.2,critical
177.6,43.9,106.0,79.3,critical
61.4,45.2,105.0,76.0,critical
116.4,63.0,98.9,97.5,normal
156.8,113.4,94.1,88.5,critical
85.7,89.0,99.9,90.6,at_risk
85.4,87.3,100.0,92.1,at_risk
85.6,88.2,95.8,91.9,at_risk
86.0,89.0,99.2,91.0,at_risk
85.8,58.1,100.5,91.4,at_risk
86.1,55.5,95.6,91.1,at_risk
89.0,56.0,99.3,91.0,at_risk
89.9,56.7,99.8,90.1,at_risk
118.0,62.5,98.2,98.1,normal
68.7,43.2,94.9,77.2,critical
131.6,82.8,95.6,90.6,at_risk
135.5,86.5,100.2,91.2,at_risk
61.5,90.7,94.0,72.8,critical
97.9,75.5,98.5,98.0,normal
113.5,68.2,98.0,99.5,normal
132.5,57.6,96.4,90.1,at_risk
121.5,81.8,99.6,93.2,at_risk
85.3,56.7,99.6,93.8,at_risk
106.0,73.0,98.4,95.9,normal
63.3,41.9,93.7,79.7,critical
112.9,61.0,98.0,96.7,normal
85.2,57.7,99.1,90.1,at_risk
96.9,74.9,97.3,98.1,normal
106.4,64.3,98.7,97.9,normal
62.5,49.3,103.1,86.8,critical
134.2,56.5,100.2,91.2,at_risk
155.5,112.3,94.6,80.7,critical
111.6,64.8,97.2,97.0,normal
123.4,55.9,96.0,92.8,at_risk
170.5,49.6,92.9,74.8,critical
141.4,103.5,92.9,71.8,critical
88.6,57.7,99.6,93.2,at_risk
89.3,59.7,95.4,93.2,at_risk
98.2,70.8,97.5,95.5,normal
101.9,70.2,99.0,95.6,normal
118.3,77.5,97.8,98.5,normal
112.8,79.5,98.1,97.5,normal
110.8,71.8,98.3,95.1,normal
131.9,55.0,100.2,93.1,at_risk
127.2,82.6,99.4,93.2,at_risk
103.3,68.3,97.9,97.1,normal
89.1,55.8,95.3,92.7,at_risk
114.7,78.3,98.0,99.0,normal
88.8,56.7,96.8,93.9,at_risk
130.6,80.3,95.5,91.0,at_risk
140.7,90.7,94.4,80.5,critical
88.2,55.2,95.4,91.0,at_risk
132.0,57.0,96.8,91.3,at_risk
102.3,69.1,97.7,97.7,normal
133.5,57.1,99.2,91.9,at_risk
85.8,81.7,100.1,91.6,at_risk
70.4,44.3,105.5,87.4,critical
110.9,66.1,97.9,99.4,normal
152.3,98.7,105.9,76.6,critical
74.7,112.8,103.1,84.1,critical
100.6,68.5,97.1,96.1,normal
118.8,63.8,98.7,95.6,normal
77.0,43.3,94.1,75.9,critical
106.9,61.4,98.4,97.6,normal
126.0,56.2,100.7,91.0,at_risk
112.8,67.2,97.4,97.5,normal
118.1,65.9,98.8,97.5,normal
152.4,47.3,94.2,82.3,critical
167.6,40.5,103.8,72.6,critical
89.7,86.2,96.4,93.1,at_risk
88.7,59.4,99.4,90.8,at_risk
62.3,97.9,105.4,71.1,critical
148.5,41.1,103.4,71.9,critical
75.3,40.8,103.6,85.2,critical
99.0,63.5,98.8,95.6,normal
60.8,45.9,94.6,86.3,critical
66.7,106.3,94.5,74.9,critical
102.0,62.5,97.6,99.3,normal
113.7,63.5,97.8,95.6,normal
110.4,72.1,97.4,97.4,normal
60.4,103.4,104.8,84.8,critical
85.4,57.8,96.7,92.6,at_risk
123.7,59.5,96.7,93.5,at_risk
128.4,88.7,96.1,92.0,at_risk
155.6,116.1,94.4,70.2,critical
185.6,41.9,105.0,73.6,critical
70.5,114.3,92.3,82.2,critical
72.5,49.7,92.5,74.2,critical
60.5,44.4,105.0,77.1,critical
173.4,47.5,105.3,84.6,critical
116.0,78.8,98.4,96.1,normal
106.9,72.1,98.3,97.8,normal
117.3,61.6,97.9,98.9,normal
112.6,76.4,98.3,95.1,normal
103.6,64.7,98.9,98.3,normal
118.2,74.8,97.6,96.9,normal
119.3,70.3,98.8,96.7,normal
142.7,40.5,94.7,79.2,critical
134.5,55.2,100.9,92.0,at_risk
108.0,70.9,97.7,95.9,normal
128.0,56.2,99.2,91.3,at_risk
121.0,58.3,95.8,91.2,at_risk
108.8,65.9,99.0,96.5,normal
97.6,65.2,97.1,97.8,normal
123.9,82.0,99.2,93.6,at_risk
88.5,60.0,96.9,91.4,at_risk
175.4,90.8,92.5,80.2,critical
128.4,87.3,96.7,91.7,at_risk
122.4,84.7,96.8,92.5,at_risk
101.0,76.6,98.5,96.7,normal
136.6,56.1,95.8,90.1,at_risk
85.5,55.1,99.1,93.1,at_risk
106.8,64.7,99.0,96.3,normal
112.0,77.5,97.1,96.5,normal
85.4,84.1,95.5,91.9,at_risk
114.4,77.1,97.8,98.3,normal
108.2,60.9,97.1,98.1,normal
113.6,77.9,97.3,98.6,normal
88.3,86.0,96.9,91.7,at_risk
105.2,65.2,98.4,98.8,normal
157.1,110.5,106.0,80.8,critical
62.9,99.4,105.6,70.6,critical
131.9,55.4,100.8,92.2,at_risk
116.5,68.9,98.4,98.3,normal
101.1,66.8,98.6,97.9,normal
115.4,61.1,98.4,97.2,normal
138.5,88.4,99.9,93.2,at_risk
121.8,82.8,99.8,93.1,at_risk
107.2,61.8,98.5,99.2,normal
115.4,75.4,97.7,98.5,normal
118.3,71.0,98.2,98.3,normal
88.0,56.4,96.3,90.6,at_risk
89.8,86.3,100.7,93.7,at_risk
88.0,55.9,100.7,91.1,at_risk
116.1,78.5,98.0,97.8,normal
107.8,75.0,98.0,96.5,normal
138.9,84.1,95.4,93.0,at_risk
127.5,80.9,100.2,92.0,at_risk
162.9,45.7,94.1,85.1,critical
119.0,65.4,98.5,97.1,normal
86.5,57.7,96.8,91.9,at_risk
163.7,111.4,93.2,83.8,critical
134.3,59.0,99.4,90.9,at_risk
125.3,85.9,99.9,92.3,at_risk
86.1,81.7,100.5,92.6,at_risk
71.6,48.7,104.1,86.1,critical
117.3,72.3,98.1,96.6,normal
110.6,68.9,98.8,97.5,normal
128.3,56.3,100.2,93.4,at_risk
71.2,93.9,103.9,79.9,critical
86.9,56.0,100.8,92.0,at_risk
115.4,71.7,98.5,97.3,normal
95.6,71.2,97.3,95.9,normal
106.1,65.5,97.3,99.7,normal
103.8,66.1,98.7,97.1,normal
95.3,74.4,98.4,97.1,normal
104.3,71.8,98.4,95.4,normal
125.5,87.2,95.6,92.9,at_risk
88.5,86.2,100.0,91.1,at_risk
138.3,83.1,96.0,92.6,at_risk
96.2,77.3,97.3,99.7,normal
126.8,56.3,96.8,91.7,at_risk
97.0,67.8,97.8,96.1,normal
105.0,68.2,97.9,99.3,normal
87.6,86.6,96.8,92.1,at_risk
126.3,84.3,96.4,92.8,at_risk
86.4,86.3,96.7,92.1,at_risk
105.4,67.2,97.4,99.5,normal
110.9,77.8,98.8,99.0,normal
115.4,65.5,98.8,98.5,normal
121.7,86.4,100.8,94.0,at_risk
87.6,55.5,96.9,90.6,at_risk
112.5,71.0,98.3,99.1,normal
98.1,78.8,98.1,98.1,normal
71.4,45.2,104.2,78.6,critical
116.4,71.4,98.6,97.4,normal
87.0,88.4,100.3,93.0,at_risk
89.2,83.5,100.4,91.0,at_risk
159.7,46.3,105.9,74.5,critical
128.7,83.3,99.5,90.3,at_risk
104.4,74.9,98.7,95.1,normal
105.6,78.2,98.0,96.3,normal
105.9,73.4,97.1,96.9,normal
88.0,82.6,95.4,93.1,at_risk
117.9,77.9,98.8,98.7,normal
106.0,62.6,99.0,96.7,normal
89.6,58.6,100.2,91.2,at_risk
65.8,48.6,105.0,86.6,critical
162.9,118.8,103.6,81.5,critical
122.6,55.8,99.4,90.0,at_risk
63.0,114.4,103.9,84.0,critical
139.3,80.8,100.1,94.0,at_risk
131.3,57.1,99.3,92.7,at_risk
73.2,106.0,104.0,87.1,critical
86.5,85.7,96.4,90.4,at_risk
88.1,87.5,100.7,93.1,at_risk
125.5,81.4,96.6,90.1,at_risk
118.2,73.3,97.6,95.2,normal
89.8,86.0,100.0,92.7,at_risk
112.0,67.9,98.6,95.2,normal
89.7,56.7,95.6,91.0,at_risk
137.7,59.8,100.5,91.0,at_risk
158.0,49.9,93.3,76.1,critical
110.5,67.1,97.6,98.8,normal
109.7,63.9,98.4,98.1,normal
86.1,86.6,100.1,92.3,at_risk
72.2,107.2,105.7,79.1,critical
138.8,88.9,100.5,91.4,at_risk
113.6,70.0,98.6,98.7,normal
110.8,68.7,97.9,99.1,normal
137.7,59.2,99.1,93.2,at_risk
133.9,56.6,100.8,92.1,at_risk
135.4,56.4,95.8,90.4,at_risk
135.6,57.5,95.3,92.9,at_risk
90.0,89.8,100.9,90.1,at_risk
101.4,71.1,98.5,98.4,normal
127.9,58.3,100.3,91.0,at_risk
96.7,70.1,98.3,96.6,normal
121.2,57.5,95.8,94.0,at_risk
119.2,64.7,98.4,96.5,normal
130.2,56.1,100.9,91.9,at_risk
88.7,55.8,99.3,91.0,at_risk
87.9,58.8,100.7,93.9,at_risk
87.8,85.8,96.3,92.3,at_risk
102.6,77.1,98.5,96.7,normal
112.3,76.2,98.4,97.7,normal
178.7,112.4,103.1,87.5,critical
112.9,74.7,99.0,98.8,normal
108.9,67.3,97.4,96.2,normal
108.7,78.1,98.8,95.3,normal
101.1,65.1,97.2,96.9,normal
131.6,55.1,99.7,90.2,at_risk
88.6,58.7,100.3,90.0,at_risk
62.0,43.4,104.3,74.8,critical
79.0,48.0,104.5,88.7,critical
110.9,74.8,98.8,99.4,normal
187.3,105.2,93.4,72.1,critical
107.5,75.5,97.6,98.5,normal
64.9,42.6,93.3,82.1,critical
174.3,47.0,94.5,82.7,critical
85.5,80.1,100.6,92.2,at_risk
86.5,83.6,99.3,93.6,at_risk
109.9,60.6,97.9,97.8,normal
114.7,65.9,97.9,97.7,normal
145.0,47.8,92.3,71.8,critical
86.0,56.0,100.7,93.2,at_risk
87.4,84.1,95.4,92.4,at_risk
114.4,73.0,97.5,95.7,normal
129.0,83.2,96.5,91.4,at_risk
89.2,58.5,99.8,92.8,at_risk
88.5,82.4,100.9,90.5,at_risk
89.4,81.2,100.2,92.7,at_risk
95.2,72.7,97.2,98.3,normal
188.5,107.8,92.2,75.8,critical
111.8,78.3,97.7,96.4,normal
101.4,62.7,98.2,96.4,normal
121.7,84.3,95.4,92.7,at_risk
116.9,78.8,98.2,99.4,normal
114.9,62.4,97.8,96.6,normal
88.2,56.1,95.7,90.8,at_risk
152.2,44.8,105.6,75.8,critical
119.0,71.8,98.6,95.2,normal
115.4,72.5,97.4,97.0,normal
136.9,56.4,100.6,91.0,at_risk
136.8,55.5,95.8,91.6,at_risk
146.3,48.4,103.3,84.5,critical
100.3,72.4,97.8,97.5,normal
77.6,117.8,104.6,75.5,critical
123.2,82.1,96.4,92.4,at_risk
104.1,64.9,97.7,99.7,normal
71.4,41.5,103.2,85.0,critical
121.8,80.0,96.1,93.3,at_risk
89.1,56.2,99.6,91.4,at_risk
64.3,109.1,93.9,80.1,critical
146.1,46.7,103.4,79.5,critical
88.0,80.1,96.8,91.1,at_risk
88.2,88.4,100.3,93.6,at_risk
95.8,68.7,98.4,97.3,normal
86.3,56.2,100.3,90.1,at_risk
87.3,88.6,100.3,92.6,at_risk
88.9,55.0,95.7,90.3,at_risk
153.2,97.6,93.0,73.5,critical
78.0,40.7,105.7,81.4,critical
103.0,67.9,97.5,95.2,normal
114.8,67.2,97.6,99.7,normal
114.2,69.7,98.9,97.0,normal
89.6,58.1,100.8,93.1,at_risk
113.5,75.6,98.7,96.6,normal
88.7,84.6,95.4,92.0,at_risk
173.3,103.7,105.3,77.6,critical
103.8,74.6,98.2,95.4,normal
89.7,81.4,99.5,90.8,at_risk
113.2,60.2,98.5,95.7,normal
98.0,64.9,98.6,95.7,normal
78.4,96.6,94.4,72.6,critical
109.7,63.7,98.0,96.9,normal
156.0,44.2,93.2,70.4,critical
117.0,61.6,97.4,99.9,normal
185.6,117.1,103.9,70.4,critical
111.5,79.6,97.2,97.3,normal
113.6,62.4,97.5,96.0,normal
87.6,56.2,99.3,90.8,at_risk
110.3,64.5,98.3,99.9,normal
151.6,93.7,93.8,74.9,critical
136.9,58.5,95.6,92.4,at_risk
112.2,75.9,97.9,99.4,normal
183.9,91.7,103.6,87.6,critical
87.8,57.4,99.4,90.7,at_risk
89.3,57.0,95.3,93.9,at_risk
76.4,101.8,94.7,84.7,critical
124.0,57.9,100.3,91.1,at_risk
117.3,60.2,97.0,99.1,normal
176.4,95.5,104.7,77.4,critical
121.7,81.8,96.7,93.1,at_risk
121.7,60.0,100.8,93.9,at_risk
89.7,58.6,96.3,91.6,at_risk
107.3,63.3,97.9,97.6,normal
136.4,58.1,96.3,93.9,at_risk
121.3,87.0,100.4,91.7,at_risk
105.6,75.8,98.6,99.5,normal
108.2,62.1,97.4,99.5,normal
135.2,58.0,99.7,90.1,at_risk
178.7,115.7,93.9,73.5,critical
118.7,60.1,99.0,98.6,normal
112.4,76.4,97.5,98.9,normal
152.5,98.0,93.1,71.3,critical
69.3,43.7,105.9,78.5,critical
87.9,89.7,95.9,90.7,at_risk
87.2,57.2,95.8,92.1,at_risk
163.8,46.3,92.6,78.2,critical
85.3,83.7,100.7,92.3,at_risk
109.7,78.0,97.9,99.3,normal
61.9,49.1,104.0,86.3,critical
118.3,61.4,97.7,98.2,normal
89.0,88.7,100.8,91.7,at_risk
139.4,58.0,99.8,93.1,at_risk
101.8,64.0,97.6,95.6,normal
104.2,76.1,98.6,99.0,normal
126.5,56.3,99.6,93.8,at_risk
68.0,92.4,106.0,77.0,critical
109.2,72.7,99.0,97.6,normal
128.3,57.5,95.6,90.8,at_risk
108.5,65.9,97.6,99.3,normal
107.4,79.1,98.3,98.6,normal
95.5,72.9,98.3,95.6,normal
138.3,82.3,96.5,93.7,at_risk
99.4,71.0,98.2,98.2,normal
96.2,72.5,98.9,99.8,normal
85.5,85.4,100.1,90.1,at_risk
119.7,73.4,98.5,95.6,normal
89.5,87.0,100.0,93.2,at_risk
111.8,62.1,98.8,97.2,normal
175.4,105.5,104.3,84.9,critical
87.6,58.2,95.2,92.2,at_risk
149.2,40.5,104.2,77.1,critical
108.6,79.5,98.4,97.5,normal
89.5,81.4,100.8,92.7,at_risk
162.1,96.6,94.1,83.2,critical
64.5,99.6,103.5,70.1,critical
97.9,68.6,97.4,99.1,normal
116.6,71.6,97.9,97.7,normal
98.2,75.3,98.9,99.8,normal
128.2,82.2,95.7,93.7,at_risk
136.8,55.4,95.7,91.9,at_risk
131.4,56.2,96.8,91.5,at_risk
63.9,91.9,105.0,80.9,critical
122.1,82.4,100.6,92.7,at_risk
123.2,81.6,95.4,93.8,at_risk
79.6,43.9,93.6,83.8,critical
122.9,85.2,100.0,92.9,at_risk
85.3,88.1,99.3,90.1,at_risk
73.4,43.7,103.2,83.9,critical
101.6,64.5,98.4,96.7,normal
112.7,79.4,97.3,95.3,normal
113.4,63.9,98.2,98.0,normal
96.7,68.0,97.4,95.9,normal
133.5,81.8,100.6,90.7,at_risk
85.7,56.9,99.8,91.5,at_risk
95.4,63.9,97.8,96.0,normal
85.2,59.3,96.3,90.5,at_risk
127.5,88.4,95.8,93.6,at_risk
138.6,89.3,95.7,92.1,at_risk
131.5,55.8,99.7,90.1,at_risk
95.6,70.0,98.0,95.3,normal
115.8,69.3,97.9,98.5,normal
135.2,80.9,95.2,91.2,at_risk
86.4,80.7,99.7,92.5,at_risk
129.4,59.4,95.9,92.0,at_risk
85.9,87.8,99.5,91.7,at_risk
115.4,68.8,98.0,96.5,normal
166.1,109.7,93.3,81.5,critical
143.6,94.0,104.1,81.6,critical
149.5,95.9,94.4,77.2,critical
110.9,73.7,97.9,95.3,normal
189.0,100.0,93.4,84.9,critical
112.2,66.4,97.4,99.0,normal
100.7,64.1,97.8,96.6,normal
86.6,55.6,99.8,90.7,at_risk
105.5,61.0,98.3,95.4,normal
107.1,79.2,97.9,96.8,normal
166.6,46.1,92.8,82.9,critical
65.5,118.4,92.9,84.0,critical
133.0,57.5,96.8,90.3,at_risk
128.0,86.3,95.4,90.7,at_risk
146.6,48.9,94.3,76.4,critical
117.3,75.6,98.3,95.6,normal
118.1,72.3,98.2,99.6,normal
86.7,56.9,95.6,90.0,at_risk
86.2,86.0,95.5,91.6,at_risk
149.9,108.7,92.2,70.4,critical
86.7,85.3,95.6,93.9,at_risk
134.4,89.1,99.1,92.9,at_risk
98.2,62.1,98.2,96.2,normal
109.8,75.2,97.7,97.9,normal
118.4,66.7,99.0,99.9,normal
87.7,55.5,100.9,91.8,at_risk
180.4,46.0,93.4,76.6,critical
128.9,80.8,96.6,93.4,at_risk
102.1,74.7,98.6,96.8,normal
111.2,74.0,98.0,95.7,normal
77.4,46.1,93.9,80.4,critical
88.6,81.0,95.4,90.8,at_risk
89.0,88.6,96.7,91.1,at_risk
100.0,68.0,97.3,96.0,normal
119.0,75.3,97.6,99.8,normal
129.1,82.6,96.1,91.4,at_risk
118.2,63.5,98.8,97.0,normal
100.0,70.1,98.3,99.5,normal
85.2,58.1,96.4,92.4,at_risk
99.8,74.3,97.1,97.4,normal
105.8,75.0,97.9,95.8,normal
104.2,61.4,98.2,98.0,normal
105.1,68.3,97.7,97.8,normal
105.4,76.0,97.3,98.1,normal
88.6,83.2,100.5,92.2,at_risk
98.9,79.6,97.6,97.9,normal
116.6,65.7,97.7,98.0,normal
65.3,41.2,93.6,78.2,critical
105.3,75.8,98.8,98.5,normal
111.8,64.8,97.6,96.0,normal
88.1,59.9,96.2,93.7,at_risk
96.3,77.8,97.2,99.0,normal
132.0,81.7,95.6,93.9,at_risk
88.0,84.5,95.5,90.1,at_risk
126.9,85.8,99.6,93.7,at_risk
86.2,55.5,100.6,91.0,at_risk
102.8,74.3,97.3,96.7,normal
113.0,77.6,98.1,95.1,normal
106.0,71.8,98.0,99.6,normal
62.8,48.0,105.3,77.8,critical
114.0,66.0,98.6,97.7,normal
125.5,81.2,96.5,91.4,at_risk
87.3,58.6,99.9,90.6,at_risk
125.6,89.0,99.8,92.6,at_risk
61.8,41.5,93.3,76.9,critical
105.1,71.1,97.1,98.1,normal
95.2,73.5,98.4,98.1,normal
108.2,67.7,98.4,97.9,normal
111.1,73.7,97.7,99.4,normal
78.1,40.2,93.2,85.0,critical
119.9,78.9,97.0,99.5,normal
87.9,55.0,96.3,93.1,at_risk
119.2,72.7,98.4,96.1,normal
77.3,112.4,94.6,81.5,critical
67.1,42.2,94.3,87.9,critical
76.2,97.1,92.1,73.5,critical
86.9,86.6,100.8,90.7,at_risk
89.1,87.3,100.5,93.9,at_risk
112.1,65.4,97.3,98.8,normal
99.4,75.2,98.8,99.7,normal
129.6,83.1,100.5,93.9,at_risk
151.2,46.6,104.9,81.5,critical
104.6,79.1,97.6,95.3,normal
104.2,69.4,98.1,100.0,normal
120.7,59.5,96.6,92.0,at_risk
129.9,56.7,100.7,90.1,at_risk
97.9,68.6,97.4,96.5,normal
124.7,85.9,100.0,90.2,at_risk
78.3,45.6,94.8,83.9,critical
102.5,66.2,97.2,95.3,normal
85.2,88.7,96.1,91.4,at_risk
175.8,119.8,103.5,86.8,critical
113.3,65.4,98.6,98.4,normal
89.4,89.5,96.5,91.5,at_risk
141.5,48.4,93.5,82.9,critical
64.0,42.6,94.4,86.2,critical
137.0,58.0,95.4,92.3,at_risk
156.3,48.5,105.3,83.9,critical
132.6,85.1,99.6,93.4,at_risk
116.7,60.5,97.9,95.3,normal
188.6,46.8,103.7,80.1,critical
107.5,62.5,98.7,95.6,normal
89.9,55.8,99.3,94.0,at_risk
106.6,66.0,97.5,99.6,normal
126.7,87.2,99.5,93.6,at_risk
103.6,65.6,97.8,98.6,normal
149.1,47.7,93.5,82.7,critical
64.1,110.3,105.3,73.8,critical
106.0,68.9,98.5,96.8,normal
101.3,64.3,98.5,97.4,normal
89.4,81.4,96.8,93.0,at_risk
86.6,82.6,100.2,91.5,at_risk
117.1,77.1,98.2,96.4,normal
128.2,59.6,95.7,91.8,at_risk
133.9,85.4,96.3,92.6,at_risk
131.4,57.2,95.1,91.3,at_risk
114.6,71.0,98.9,96.8,normal
77.8,97.3,93.2,72.0,critical
131.6,55.3,100.9,92.8,at_risk
166.4,91.7,105.0,70.1,critical
123.9,80.4,95.1,92.5,at_risk
109.6,65.8,97.2,99.5,normal
124.8,55.2,95.5,90.5,at_risk
178.5,48.8,104.9,80.4,critical
122.7,88.8,95.6,90.4,at_risk
141.1,96.8,103.7,83.0,critical
76.6,48.7,94.6,73.1,critical
139.4,81.8,96.7,93.7,at_risk
181.2,46.7,105.3,71.7,critical
129.1,87.8,95.8,90.7,at_risk
116.5,71.2,97.8,97.0,normal
86.4,84.9,95.6,91.3,at_risk
67.9,100.4,94.7,72.1,critical
102.0,61.7,97.4,98.0,normal
99.5,71.1,98.8,98.9,normal
169.1,100.1,92.9,71.3,critical
109.7,77.7,98.1,99.4,normal
143.8,49.3,104.3,76.3,critical
125.8,86.3,99.6,91.8,at_risk
136.8,56.6,95.4,92.2,at_risk
118.5,60.0,98.5,96.4,normal
143.0,118.2,104.3,78.2,critical
87.8,55.5,96.0,91.4,at_risk
181.9,101.1,103.1,88.3,critical
175.4,90.3,104.5,71.0,critical
79.8,42.1,92.4,86.3,critical
117.5,72.0,97.1,98.2,normal
144.0,93.3,104.4,87.4,critical
97.8,64.3,97.3,96.8,normal
161.9,45.2,105.3,75.4,critical
107.0,78.9,98.1,98.3,normal
98.6,69.3,98.9,96.8,normal
72.3,43.2,92.7,70.4,critical
111.7,70.6,98.9,95.1,normal
111.7,64.4,98.5,95.4,normal
133.5,55.6,96.9,90.9,at_risk
66.7,109.0,104.9,72.5,critical
104.5,75.9,97.4,98.6,normal
88.9,58.6,95.3,93.9,at_risk
99.8,73.5,97.8,95.1,normal
115.2,75.9,98.0,97.4,normal
124.4,59.9,96.2,92.3,at_risk
104.3,69.7,98.3,96.5,normal
65.0,118.4,92.9,88.5,critical
88.8,56.3,99.3,93.2,at_risk
88.7,83.9,100.3,90.4,at_risk
104.4,70.8,97.5,96.1,normal
139.3,55.8,96.5,92.2,at_risk
104.5,63.1,97.7,95.8,normal
121.6,81.4,100.6,92.6,at_risk
86.8,59.3,95.7,92.8,at_risk
102.1,61.9,98.4,97.6,normal
100.7,60.2,99.0,99.1,normal
118.7,73.5,98.5,98.4,normal
123.4,56.1,95.6,93.5,at_risk
89.1,87.0,100.1,90.7,at_risk
179.3,44.4,92.3,70.9,critical
96.5,68.5,97.1,98.7,normal
118.5,69.7,97.9,98.9,normal
132.1,86.4,100.6,91.2,at_risk
123.3,86.8,100.0,90.3,at_risk
108.9,66.6,97.4,97.3,normal
89.0,58.8,96.3,90.7,at_risk
75.0,49.9,105.8,73.5,critical
116.6,67.9,97.5,97.8,normal
111.3,69.7,98.4,99.3,normal
103.2,68.7,98.9,96.8,normal
111.3,68.4,98.9,99.5,normal
85.3,57.0,99.5,91.3,at_risk
98.5,66.7,98.6,96.0,normal
86.2,59.5,100.9,90.0,at_risk
60.8,98.0,92.1,81.2,critical
137.1,82.6,95.7,91.5,at_risk
119.3,64.7,98.6,98.5,normal
119.8,75.1,98.4,97.0,normal
125.1,85.6,96.4,92.0,at_risk
85.6,80.9,100.1,92.1,at_risk
68.5,42.0,92.0,78.4,critical
126.4,57.6,100.6,91.8,at_risk
117.0,68.6,97.1,97.6,normal
125.5,83.2,100.8,93.2,at_risk
113.7,67.7,98.4,95.3,normal
62.8,96.0,93.5,85.2,critical
86.0,58.4,99.5,91.1,at_risk
113.3,74.9,98.7,95.1,normal
111.0,66.8,97.1,97.9,normal
104.1,65.3,97.0,95.9,normal
125.5,57.8,99.6,93.6,at_risk
114.9,68.9,97.6,98.7,normal
135.6,89.9,95.6,92.0,at_risk
188.6,96.3,95.0,71.2,critical
140.0,58.8,100.3,91.5,critical
87.1,87.8,100.3,90.6,at_risk
154.0,93.5,94.2,88.0,critical
97.4,61.7,99.0,98.7,normal
96.1,79.3,97.9,98.0,normal
114.0,63.9,98.6,96.2,normal
107.0,76.3,97.8,95.1,normal
88.7,81.9,99.7,93.9,at_risk
60.6,48.9,104.3,82.8,critical
106.2,71.0,97.7,98.7,normal
139.4,59.4,99.1,90.7,at_risk
97.6,76.3,97.6,99.9,normal
123.5,84.7,99.2,90.7,at_risk
125.0,87.0,95.9,91.1,at_risk
105.6,73.1,97.5,95.3,normal
116.4,70.0,98.9,97.5,normal
99.8,73.9,98.1,98.0,normal
134.5,86.9,100.1,90.9,at_risk
174.0,41.6,94.6,77.9,critical
114.7,61.0,97.4,96.1,normal
168.5,91.1,93.5,78.7,critical
86.7,86.5,100.2,93.6,at_risk
103.7,72.2,98.1,95.5,normal
85.9,56.2,99.4,90.9,at_risk
89.4,88.2,100.8,91.4,at_risk
117.8,67.7,97.7,96.0,normal
150.9,40.3,104.2,77.1,critical
133.5,59.1,96.8,90.8,at_risk
67.3,48.5,105.2,83.4,critical
103.6,72.7,97.5,96.1,normal
114.5,64.5,98.6,98.5,normal
88.7,82.7,95.1,93.0,at_risk
125.4,58.9,95.5,93.9,at_risk
150.2,117.9,104.2,78.5,critical
126.4,85.3,96.5,93.5,at_risk
64.6,45.4,105.5,80.2,critical
117.9,77.0,97.9,95.0,normal
146.2,42.6,94.9,80.7,critical
119.5,76.1,97.1,95.9,normal
144.3,47.3,104.5,82.6,critical
102.8,62.5,97.8,99.9,normal
108.3,74.9,97.0,99.5,normal
116.7,60.8,97.3,96.6,normal
116.2,60.2,98.3,95.7,normal
70.0,48.0,93.9,88.3,critical
95.2,71.0,97.5,97.3,normal
107.5,62.5,98.7,98.8,normal
115.9,66.5,97.7,95.9,normal
160.2,44.8,103.9,73.3,critical
105.9,79.7,98.7,98.7,normal
176.8,94.0,104.7,74.9,critical
138.1,58.7,100.2,91.4,at_risk
118.3,61.3,98.5,96.9,normal
161.0,101.4,93.6,86.8,critical
86.2,81.9,96.8,91.0,at_risk
76.9,96.7,93.1,79.2,critical
87.2,57.5,95.8,90.1,at_risk
85.3,58.5,100.1,90.9,at_risk
181.3,45.9,92.9,72.6,critical
106.4,67.4,98.8,98.1,normal
166.4,47.8,103.3,74.8,critical
139.6,58.2,95.4,92.1,at_risk
105.8,71.5,97.4,96.3,normal
96.8,67.0,99.0,96.8,normal
133.1,57.7,95.5,90.2,at_risk
109.1,68.0,97.5,99.6,normal
160.8,110.8,94.6,86.9,critical
85.3,87.4,96.5,91.7,at_risk
125.7,57.0,96.2,92.0,at_risk
108.6,62.7,97.0,96.4,normal
89.1,85.6,99.2,93.8,at_risk
111.1,76.3,98.8,96.4,normal
101.2,71.6,98.8,97.9,normal
178.5,48.2,104.0,82.3,critical
134.3,85.9,100.7,90.9,at_risk
97.4,71.9,97.8,97.5,normal
111.2,72.4,97.5,97.3,normal
64.5,43.6,94.8,75.0,critical
154.5,44.2,94.1,88.3,critical
86.5,58.2,100.0,92.9,at_risk
109.3,64.8,98.7,97.4,normal
135.9,56.5,96.2,92.6,at_risk
115.3,78.7,98.7,98.6,normal
103.7,71.3,97.2,95.5,normal
175.1,48.0,92.5,79.5,critical
87.0,85.8,99.3,91.3,at_risk
135.3,88.5,95.2,93.5,at_risk
116.3,65.6,98.2,95.2,normal
122.2,81.9,95.2,90.5,at_risk
116.8,78.6,97.9,98.2,normal
127.8,56.7,100.0,91.1,at_risk
123.1,87.4,96.0,93.8,at_risk
63.2,118.1,105.0,87.0,critical
109.5,64.8,98.6,98.9,normal
112.0,74.1,98.1,98.0,normal
121.6,84.9,95.6,93.7,at_risk
87.6,86.6,100.0,93.4,at_risk
169.4,47.5,104.4,84.8,critical
179.9,96.6,94.3,71.0,critical
89.3,55.0,96.8,92.5,at_risk
165.2,49.3,94.2,77.4,critical
85.9,57.8,95.9,93.3,at_risk
86.9,88.5,96.3,91.3,at_risk
99.7,63.6,97.8,98.8,normal
189.0,43.8,104.0,84.0,critical
85.4,59.2,100.4,90.9,at_risk
107.8,72.8,98.1,97.4,normal
107.5,68.7,98.1,99.4,normal
134.5,84.0,100.9,93.6,at_risk
87.8,56.4,95.6,93.3,at_risk
127.6,84.5,95.6,93.7,at_risk
113.7,61.2,98.3,96.1,normal
89.6,59.8,100.3,90.5,at_risk
63.9,42.5,104.9,83.6,critical
133.4,56.7,95.3,94.0,at_risk
105.1,77.4,98.3,96.8,normal
177.5,47.5,94.9,77.0,critical
102.2,75.2,98.0,95.8,normal
100.7,78.9,98.7,97.2,normal
88.0,55.6,100.4,92.9,at_risk
107.6,76.7,97.2,97.7,normal
103.5,72.9,97.1,98.0,normal
111.7,62.8,98.5,98.2,normal
185.6,42.8,92.4,76.5,critical
130.9,57.3,100.8,90.4,at_risk
118.3,64.6,97.6,98.7,normal
86.9,85.5,96.6,91.0,at_risk
101.3,79.7,97.4,97.3,normal
137.6,86.9,95.9,91.8,at_risk
68.3,99.3,94.3,87.6,critical
108.7,70.8,97.7,97.8,normal
129.8,59.3,96.3,93.6,at_risk
117.3,63.9,98.5,98.6,normal
100.5,69.8,97.8,99.6,normal
118.4,69.2,98.9,98.7,normal
71.7,47.0,105.2,75.3,critical
67.7,91.6,94.4,85.8,critical
105.1,64.0,98.8,98.5,normal
95.2,65.8,97.3,98.2,normal
89.8,58.8,96.0,92.0,at_risk
89.1,59.1,100.8,91.9,at_risk
117.2,73.6,97.3,98.5,normal
137.7,58.3,100.3,93.9,at_risk
96.1,68.6,98.3,96.9,normal
60.2,46.8,104.4,71.8,critical
88.3,88.5,99.8,91.7,at_risk
99.3,70.3,97.2,98.1,normal
113.1,72.1,98.5,98.7,normal
95.0,67.3,98.8,97.9,normal
137.6,58.1,96.4,90.9,at_risk
122.8,82.2,95.4,90.7,at_risk
87.4,59.9,99.2,93.2,at_risk
89.9,55.1,100.3,91.8,at_risk
87.8,56.5,96.8,91.4,at_risk
111.8,67.5,98.3,98.9,normal
87.8,82.6,95.3,90.7,at_risk
118.8,67.8,98.9,96.4,normal
114.3,76.7,98.0,95.4,normal
123.6,85.2,100.2,91.3,at_risk
123.1,55.1,95.4,91.2,at_risk
123.7,59.1,100.2,93.8,at_risk
107.0,61.2,98.2,97.9,normal
114.9,60.7,98.6,95.1,normal
121.6,55.6,95.2,90.6,at_risk
118.2,60.6,98.7,97.0,normal
130.3,87.8,96.8,93.1,at_risk
99.4,78.4,97.1,98.7,normal
115.9,78.1,97.6,95.4,normal
87.1,59.1,100.5,90.5,at_risk
134.4,80.0,95.5,92.3,at_risk
159.5,112.4,104.8,78.4,critical
102.5,63.3,97.9,95.2,normal
148.2,107.9,95.0,78.1,critical
120.7,55.7,99.5,91.8,at_risk
88.0,83.4,99.2,93.5,at_risk
87.8,87.9,96.5,90.7,at_risk
175.1,94.0,94.4,86.2,critical
109.1,60.7,97.2,98.5,normal
136.3,57.2,99.3,93.4,at_risk
87.2,55.0,96.0,90.9,at_risk
74.0,90.3,92.4,85.7,critical
110.7,71.6,97.7,97.6,normal
137.8,58.3,100.4,91.4,at_risk
65.8,105.4,105.5,82.6,critical
96.9,71.6,98.8,98.0,normal
103.0,72.5,98.2,99.8,normal
127.1,56.5,99.7,93.0,at_risk
63.7,46.3,93.2,77.6,critical
109.9,78.6,98.8,98.5,normal
188.2,40.9,105.0,71.3,critical
111.7,62.1,98.0,97.2,normal
102.5,79.3,97.6,96.1,normal
133.4,84.5,96.7,91.4,at_risk
117.1,77.0,97.5,99.0,normal
88.5,58.6,99.9,91.4,at_risk
88.6,87.4,100.0,92.2,at_risk
86.3,59.8,99.7,90.2,at_risk
114.4,62.5,97.5,99.7,normal
77.3,49.6,92.9,86.2,critical
96.5,78.5,99.0,97.8,normal
62.2,45.5,104.9,82.7,critical
77.2,49.9,104.2,77.6,critical
124.3,59.7,96.2,93.3,at_risk
100.2,78.5,98.4,98.4,normal
127.5,59.2,96.2,90.2,at_risk
86.8,80.7,100.5,92.2,at_risk
63.0,113.4,103.8,83.2,critical
108.0,63.3,98.9,96.3,normal
99.9,62.7,98.2,97.5,normal
97.1,74.7,97.0,97.3,normal
85.6,56.4,95.1,91.2,at_risk
118.7,64.0,98.2,96.9,normal
122.6,82.0,96.0,90.9,at_risk
116.9,70.4,97.3,98.9,normal
105.3,71.4,98.2,95.3,normal
79.8,42.2,94.2,70.8,critical
103.1,61.5,98.6,100.0,normal
105.8,60.5,97.3,96.6,normal
118.5,67.9,98.0,96.2,normal
117.5,61.6,98.9,95.7,normal
140.0,58.6,100.3,90.5,critical
70.6,107.6,92.3,81.4,critical
99.3,71.9,98.6,96.6,normal
100.4,73.6,99.0,95.1,normal
96.6,66.3,97.8,99.6,normal
114.4,67.9,98.6,97.6,normal
118.7,61.7,98.2,99.4,normal
108.8,76.5,99.0,98.6,normal
112.5,74.1,98.4,99.3,normal
97.7,72.8,98.9,97.3,normal
78.1,44.6,92.1,82.5,critical
106.8,64.2,98.3,96.1,normal
126.6,56.7,99.3,93.3,at_risk
119.4,61.4,98.1,99.6,normal
151.6,115.8,105.4,77.0,critical
102.6,72.1,98.6,99.7,normal
101.9,65.1,97.7,97.1,normal
118.8,68.7,98.1,98.7,normal
89.3,55.2,96.6,92.1,at_risk
74.5,48.8,104.2,84.0,critical
98.0,68.4,97.2,95.6,normal
173.8,91.6,92.2,78.2,critical
181.8,46.4,93.0,86.5,critical
116.6,72.9,97.3,95.2,normal
104.5,76.8,98.5,99.8,normal
135.0,55.1,96.3,93.9,at_risk
108.5,66.4,98.1,97.8,normal
111.5,72.7,98.5,95.5,normal
111.3,62.7,98.4,95.3,normal
116.2,75.5,98.3,99.4,normal
130.4,55.8,100.7,94.0,at_risk
187.2,41.7,103.6,76.9,critical
61.9,113.1,92.3,81.5,critical
105.4,77.1,98.9,98.3,normal
79.5,47.5,105.4,76.3,critical
135.9,56.2,100.2,92.7,at_risk
122.5,56.7,95.4,90.6,at_risk
156.4,46.2,104.6,81.4,critical
136.5,56.3,96.2,91.6,at_risk
72.9,49.1,104.9,70.5,critical
96.5,73.9,97.8,95.3,normal
88.6,58.6,100.6,90.1,at_risk
103.7,71.2,98.1,98.5,normal
88.9,55.2,96.0,92.6,at_risk
86.9,88.5,100.8,91.7,at_risk
166.2,90.7,103.7,82.3,critical
85.8,82.0,100.0,93.0,at_risk
183.2,117.1,93.6,73.2,critical
119.0,68.9,98.0,96.6,normal
134.9,58.5,100.7,93.4,at_risk
135.0,83.1,99.2,92.6,at_risk
114.8,62.3,98.4,95.7,normal
155.7,41.3,105.7,83.9,critical
101.0,76.6,98.7,96.9,normal
113.9,65.9,97.2,96.3,normal
96.3,69.6,98.5,97.6,normal
106.0,74.2,97.1,95.3,normal
99.9,78.7,98.2,96.4,normal
127.5,56.0,95.5,92.3,at_risk
88.4,89.2,99.6,91.7,at_risk
98.7,70.2,98.9,97.0,normal
112.7,65.8,97.5,96.6,normal
136.4,86.5,96.2,90.8,at_risk
85.7,81.7,100.6,92.2,at_risk
111.2,72.7,97.3,96.7,normal
89.3,86.8,96.2,91.6,at_risk
127.7,80.4,95.7,93.3,at_risk
114.5,73.5,97.7,97.7,normal
98.2,78.1,98.1,99.4,normal
144.0,112.1,104.6,78.0,critical
95.1,64.9,97.4,95.0,normal
121.5,84.1,96.6,91.4,at_risk
95.0,61.3,98.2,97.6,normal
115.7,70.1,97.8,95.8,normal
61.8,110.5,105.8,77.3,critical
75.2,107.8,104.4,85.6,critical
76.7,113.5,92.7,79.7,critical
166.1,90.6,103.7,77.9,critical
125.8,83.3,100.2,93.5,at_risk
117.9,78.5,98.5,99.5,normal
130.6,59.4,95.3,92.7,at_risk
115.0,78.3,97.7,98.5,normal
112.3,60.4,97.3,98.5,normal
132.8,86.1,96.5,91.6,at_risk
152.4,46.1,104.7,78.0,critical
85.5,81.1,95.9,91.5,at_risk
63.8,109.1,105.2,71.3,critical
97.3,70.0,98.4,98.8,normal
103.5,65.8,97.2,96.8,normal
110.9,77.7,97.9,98.7,normal
117.4,63.1,97.4,95.5,normal
108.8,79.8,98.6,96.9,normal
132.5,84.2,100.4,92.3,at_risk
88.7,82.2,100.7,91.9,at_risk
108.0,77.1,97.6,99.1,normal
143.6,45.2,93.2,88.3,critical
138.4,56.7,96.0,93.1,at_risk
109.5,65.4,97.9,96.0,normal
85.1,85.1,95.8,91.9,at_risk
113.1,65.0,98.2,98.6,normal
156.6,49.5,104.2,75.8,critical
108.6,71.3,98.7,97.3,normal
71.5,112.0,94.4,74.4,critical
78.7,47.0,93.3,88.0,critical
99.6,67.3,98.3,98.5,normal
184.1,48.0,93.3,86.1,critical
76.0,97.3,92.5,84.7,critical
120.2,88.7,100.0,93.5,at_risk
119.2,70.7,99.0,97.2,normal
89.5,57.4,100.5,91.3,at_risk
85.5,56.3,100.1,92.7,at_risk
132.0,56.3,100.0,93.0,at_risk
86.6,58.3,100.2,93.4,at_risk
71.4,46.8,103.3,72.3,critical
108.6,65.5,97.4,97.9,normal
98.5,70.7,97.8,98.7,normal
110.5,68.7,97.8,96.2,normal
116.2,66.5,98.4,99.7,normal
127.9,59.2,96.6,91.9,at_risk
107.6,63.7,98.4,95.3,normal
99.5,74.6,98.8,95.4,normal
89.9,82.4,96.2,91.7,at_risk
114.6,62.6,98.8,97.9,normal
119.1,66.2,97.9,96.4,normal
129.7,87.3,99.3,90.0,at_risk
85.9,86.2,95.5,90.6,at_risk
64.7,48.9,103.6,88.8,critical
138.5,84.1,95.3,90.4,at_risk
85.4,55.9,96.1,93.8,at_risk
131.1,59.1,95.9,93.9,at_risk
97.7,62.4,97.6,95.2,normal
87.6,58.2,99.2,93.7,at_risk
85.8,56.4,99.4,91.3,at_risk
121.9,83.4,95.2,92.3,at_risk
78.5,45.4,103.8,78.6,critical
100.4,65.4,98.0,96.7,normal
123.3,83.2,100.5,91.3,at_risk
144.7,97.3,104.2,81.8,critical
88.2,59.2,95.3,90.5,at_risk
100.7,76.8,99.0,99.4,normal
89.7,82.4,100.4,92.7,at_risk
156.6,93.0,94.1,82.1,critical
100.6,79.2,97.2,95.0,normal
88.7,86.1,100.5,94.0,at_risk
85.5,57.1,96.0,92.3,at_risk
108.7,76.0,98.5,96.8,normal
115.0,65.3,97.1,97.2,normal
136.2,56.6,95.5,90.8,at_risk
150.2,105.3,93.9,84.7,critical
109.6,75.6,97.8,97.2,normal
102.9,69.8,97.3,97.2,normal
141.4,45.7,104.4,78.5,critical
64.3,90.9,92.7,81.0,critical
135.7,85.6,95.3,92.3,at_risk
102.6,68.5,97.6,99.6,normal
100.9,76.2,98.7,95.6,normal
65.5,92.9,93.7,85.9,critical
89.0,87.5,96.0,90.7,at_risk
105.7,77.8,98.1,99.8,normal
106.5,68.4,98.2,99.1,normal
72.8,43.1,93.5,81.0,critical
87.2,59.4,96.8,91.3,at_risk
105.1,61.7,97.0,99.5,normal
105.7,79.4,98.7,95.5,normal
88.5,57.2,96.3,90.6,at_risk
60.6,47.7,104.0,80.8,critical
138.4,56.9,95.5,93.2,at_risk
133.5,81.1,95.6,90.7,at_risk
114.9,69.9,97.8,99.8,normal
99.2,65.5,97.5,97.5,normal
107.9,73.4,98.6,98.6,normal
97.9,70.8,97.4,95.4,normal
88.8,57.5,96.0,91.6,at_risk
97.6,67.9,98.0,95.9,normal
85.5,57.9,96.1,92.2,at_risk
98.7,71.5,97.7,97.8,normal
85.2,86.7,100.3,91.3,at_risk
115.3,64.5,97.9,99.1,normal
102.8,68.8,97.5,97.3,normal
100.3,76.7,97.8,98.2,normal
111.2,80.0,98.2,98.1,normal
105.1,77.2,98.7,97.6,normal
147.1,95.2,94.4,82.5,critical
97.4,66.9,98.7,99.8,normal
114.1,71.5,97.1,97.7,normal
77.9,41.2,105.5,86.9,critical
138.0,55.5,100.8,90.9,at_risk
128.7,89.3,95.8,92.5,at_risk
172.9,47.5,103.9,84.5,critical
109.8,71.0,98.2,98.5,normal
64.4,49.6,105.6,78.1,critical
86.8,56.0,100.3,93.1,at_risk
119.6,70.0,98.0,95.2,normal
70.8,43.3,92.5,79.9,critical
111.9,67.3,98.0,97.8,normal
87.8,60.0,100.7,90.1,at_risk
64.1,41.4,94.3,76.9,critical
85.4,81.2,96.9,90.5,at_risk
102.3,76.1,97.9,97.4,normal
86.8,59.4,99.4,90.3,at_risk
120.3,85.6,99.6,90.8,at_risk
110.7,67.9,97.3,95.6,normal
126.0,87.6,96.0,93.9,at_risk
89.6,87.9,99.2,92.2,at_risk
117.9,62.0,97.6,95.5,normal
115.9,72.3,97.5,99.4,normal
177.7,42.2,93.7,83.6,critical
110.8,68.6,97.6,99.7,normal
103.7,77.4,97.3,95.5,normal
109.8,67.7,98.2,95.8,normal
109.1,64.3,97.8,97.9,normal
69.2,90.7,105.7,82.2,critical
106.3,67.6,98.8,96.2,normal
127.2,81.2,99.5,93.1,at_risk
116.8,76.9,98.5,97.1,normal
113.4,77.6,97.7,98.6,normal
112.7,61.4,98.2,98.0,normal
97.0,79.0,98.1,97.9,normal
137.8,57.2,100.3,90.3,at_risk
103.0,71.0,98.5,97.0,normal
181.4,103.1,103.4,84.4,critical
117.2,71.8,98.4,96.5,normal
115.2,66.6,97.3,96.9,normal
112.9,63.0,97.6,99.4,normal
126.4,56.4,96.7,90.0,at_risk
128.0,55.9,100.6,92.7,at_risk
126.6,83.8,95.2,92.5,at_risk
110.1,70.9,98.6,98.8,normal
86.8,84.1,99.9,92.7,at_risk
85.1,85.2,95.7,92.4,at_risk
131.4,86.4,96.4,91.0,at_risk
86.9,83.1,95.3,92.8,at_risk
157.4,109.7,105.9,81.7,critical
87.6,80.7,99.3,90.3,at_risk
95.2,75.5,98.6,100.0,normal
95.5,64.7,98.2,99.8,normal
98.0,74.0,98.3,96.3,normal
146.4,118.3,93.6,83.9,critical
66.9,48.2,105.3,73.6,critical
130.7,55.8,96.4,92.0,at_risk
104.8,69.0,98.5,98.0,normal
156.6,106.2,105.1,80.1,critical
87.1,55.0,99.7,93.2,at_risk
96.2,75.1,97.7,97.9,normal
99.3,65.9,97.5,97.2,normal
131.1,57.0,99.7,92.3,at_risk
178.0,43.2,92.4,87.3,critical
133.5,56.7,96.8,90.6,at_risk
106.6,76.9,98.9,97.1,normal
63.1,99.4,94.3,83.8,critical
130.9,58.8,99.8,92.5,at_risk
98.7,65.9,97.1,98.7,normal
98.1,74.0,98.7,95.1,normal
118.6,67.7,98.9,96.4,normal
100.4,61.7,98.8,99.9,normal
182.6,102.5,93.9,84.7,critical
139.8,55.8,95.6,93.5,at_risk
105.5,70.5,97.0,97.5,normal
118.2,61.8,97.9,99.7,normal
175.1,106.8,93.0,75.5,critical
137.7,82.1,96.6,90.8,at_risk
117.4,70.7,97.3,95.3,normal
106.8,73.4,98.3,95.7,normal
87.3,82.8,95.5,90.8,at_risk
108.2,67.0,98.7,99.5,normal
97.3,64.2,97.9,96.4,normal
87.1,57.1,95.5,90.5,at_risk
96.4,69.5,97.4,95.5,normal
103.8,70.8,98.5,95.6,normal
87.2,58.0,96.0,90.7,at_risk
107.6,74.8,97.5,99.1,normal
73.6,99.5,93.3,70.7,critical
118.7,79.3,97.1,98.6,normal
112.5,77.4,97.2,96.2,normal
96.1,60.6,98.6,96.5,normal
135.8,83.9,99.3,92.8,at_risk
133.7,59.3,95.9,93.3,at_risk
111.3,71.1,97.1,98.1,normal
189.6,41.7,92.4,80.0,critical
102.2,70.9,97.7,99.3,normal
117.1,73.3,98.9,95.1,normal
107.5,78.2,98.5,98.1,normal
103.9,66.9,98.1,96.3,normal
110.5,78.9,98.3,98.3,normal
147.7,109.8,103.7,76.8,critical
104.2,77.1,98.5,96.7,normal
61.0,47.5,93.8,75.1,critical
70.0,49.4,103.0,84.1,critical
109.3,61.2,98.9,95.5,normal
96.1,68.5,97.2,98.7,normal
153.0,94.9,103.7,71.6,critical
182.3,118.3,104.7,80.2,critical
151.9,110.9,104.4,84.4,critical
166.1,49.8,105.7,88.9,critical
106.3,60.1,97.7,95.4,normal
131.2,58.2,96.3,90.7,at_risk
85.7,57.1,99.7,93.9,at_risk
118.4,64.1,98.9,98.3,normal
109.5,66.4,97.8,97.2,normal
111.6,75.4,97.7,99.6,normal
60.3,92.5,103.8,70.3,critical
175.2,41.1,103.5,76.4,critical
110.8,73.5,97.3,95.1,normal
120.0,85.7,95.5,90.2,at_risk
117.6,78.8,97.2,97.4,normal
118.7,64.9,98.0,95.8,normal
101.7,69.5,97.8,96.7,normal
107.1,77.0,98.5,98.6,normal
112.7,69.3,97.3,97.1,normal
97.9,60.5,97.6,96.7,normal
89.3,85.8,99.9,92.4,at_risk
133.2,83.1,100.9,92.6,at_risk
123.1,57.2,100.0,92.8,at_risk
126.5,59.1,99.7,92.4,at_risk
86.3,81.3,95.8,92.9,at_risk
73.6,106.8,105.7,75.3,critical
120.3,89.9,96.8,93.8,at_risk
87.5,83.6,99.3,91.5,at_risk
138.5,80.8,99.4,91.4,at_risk
98.6,75.2,97.3,96.3,normal
103.9,61.5,98.7,99.3,normal
110.3,72.8,98.5,97.6,normal
88.5,56.6,100.1,90.8,at_risk
72.5,107.3,93.1,86.6,critical
75.5,109.2,92.5,75.2,critical
85.3,56.2,96.6,92.0,at_risk
159.4,96.3,94.7,72.5,critical
115.0,69.6,97.3,98.4,normal
62.0,119.0,105.8,75.0,critical
153.4,102.2,104.6,81.2,critical
102.1,72.9,98.6,96.6,normal
125.3,86.4,95.4,93.4,at_risk
117.4,72.4,97.8,98.1,normal
116.0,69.6,98.8,97.5,normal
85.7,84.9,100.2,92.6,at_risk
123.9,81.7,100.1,93.2,at_risk
120.3,58.1,95.3,91.9,at_risk
64.2,46.7,92.8,86.2,critical
63.5,97.4,103.1,82.2,critical
133.2,55.3,99.2,92.7,at_risk
173.2,44.4,92.2,73.5,critical
87.9,57.7,96.4,90.5,at_risk
86.6,83.8,99.9,92.3,at_risk
118.8,65.8,98.1,99.0,normal
139.2,55.1,100.6,93.4,at_risk
118.7,63.6,97.8,96.1,normal
67.1,43.1,104.1,76.0,critical
101.0,67.9,97.2,98.3,normal
173.2,49.4,94.8,74.6,critical
102.6,77.3,98.5,98.4,normal
130.2,57.0,95.3,90.7,at_risk
89.9,55.3,95.8,91.5,at_risk
98.2,64.5,97.5,99.9,normal
140.8,111.4,103.4,72.8,critical
105.0,66.5,99.0,99.4,normal
159.9,41.4,103.5,85.1,critical
117.7,70.9,97.9,98.9,normal
114.3,64.9,97.6,98.0,normal
73.0,101.8,104.3,73.0,critical
87.7,86.7,96.0,90.5,at_risk
125.5,83.6,95.4,92.4,at_risk
85.9,59.6,99.9,93.6,at_risk
68.0,45.2,105.5,70.4,critical
113.2,78.4,98.3,97.0,normal
63.7,110.7,105.1,71.2,critical
95.2,71.3,98.3,95.3,normal
116.3,62.0,97.4,97.1,normal
152.7,102.1,92.7,86.2,critical
106.5,76.5,98.3,96.8,normal
88.7,82.6,100.8,91.1,at_risk
177.4,116.3,104.4,73.3,critical
126.7,86.9,96.3,92.9,at_risk
115.5,60.5,97.2,98.3,normal
118.8,68.7,97.9,98.4,normal
129.5,56.4,95.3,90.5,at_risk
116.6,66.7,97.3,95.9,normal
172.7,43.3,93.2,84.6,critical
138.3,85.1,96.4,92.5,at_risk
137.7,58.5,96.5,90.5,at_risk
110.8,79.5,97.2,95.7,normal
115.9,69.3,97.6,97.8,normal
105.0,66.7,98.6,99.6,normal
87.5,80.3,95.5,94.0,at_risk
167.3,47.2,105.8,75.9,critical
97.9,61.0,98.5,96.2,normal
104.9,69.7,97.3,95.2,normal
112.0,61.6,98.1,95.7,normal
104.8,62.0,97.3,96.7,normal
113.7,61.5,98.7,99.1,normal
126.2,59.8,95.7,90.2,at_risk
143.6,104.9,104.3,83.7,critical
113.8,61.5,98.0,95.6,normal
101.5,76.8,97.4,99.0,normal
130.0,82.4,96.8,90.8,at_risk
128.6,56.5,100.2,91.4,at_risk
103.4,64.2,98.2,97.8,normal
121.9,83.4,99.8,93.0,at_risk
107.0,75.1,97.7,98.9,normal
69.1,111.5,93.3,87.2,critical
137.4,80.6,96.6,90.7,at_risk
100.8,73.1,97.6,99.1,normal
105.1,72.3,97.0,96.1,normal
95.5,70.9,98.3,96.1,normal
89.4,85.4,95.2,92.7,at_risk
95.5,61.3,98.9,96.7,normal
78.9,105.8,93.9,80.7,critical
96.6,67.7,98.3,100.0,normal
117.9,61.4,98.9,99.2,normal
102.5,61.0,99.0,97.1,normal
89.7,82.4,95.1,93.9,at_risk
115.9,65.1,97.2,95.2,normal
126.2,81.5,96.0,91.1,at_risk
113.3,63.6,98.1,99.6,normal
121.0,59.1,95.2,93.2,at_risk
104.0,80.0,97.8,96.2,normal
136.0,81.4,99.6,90.2,at_risk
68.4,42.7,94.7,73.0,critical
104.1,66.5,97.5,97.2,normal
126.2,56.2,96.7,90.2,at_risk
126.3,57.6,100.3,93.1,at_risk
90.0,55.6,96.4,90.1,at_risk
108.5,66.7,98.8,97.8,normal
87.6,84.2,99.9,90.9,at_risk
128.6,89.6,95.7,90.4,at_risk
79.4,49.0,105.8,85.8,critical
72.7,48.2,103.0,77.0,critical
103.5,72.3,97.1,95.1,normal
114.8,60.6,98.7,96.9,normal
109.2,79.0,98.1,98.4,normal
180.0,45.8,105.5,71.1,critical
114.6,64.0,97.1,99.6,normal
75.6,46.2,105.3,87.6,critical
115.8,75.2,98.4,96.8,normal
88.6,57.2,96.8,93.7,at_risk
85.8,80.6,100.5,90.8,at_risk
133.3,55.7,96.4,92.0,at_risk
112.1,75.1,97.1,99.3,normal
71.2,47.7,92.5,87.8,critical
64.7,44.4,94.8,84.7,critical
118.9,75.5,97.3,95.4,normal
110.6,72.3,97.6,97.2,normal
96.3,70.3,97.7,97.7,normal
147.2,93.6,104.7,74.8,critical
107.5,77.8,98.6,96.3,normal
61.0,42.0,103.2,87.7,critical
86.6,59.9,95.3,93.9,at_risk
115.2,69.3,97.9,98.7,normal
106.7,60.7,98.3,95.3,normal
116.1,68.9,97.4,98.0,normal
89.5,58.8,95.5,92.1,at_risk
85.1,56.8,100.8,92.4,at_risk
87.1,58.9,100.7,93.3,at_risk
71.6,48.7,94.7,70.8,critical
136.9,57.1,96.5,90.9,at_risk
189.1,98.0,93.8,83.6,critical
166.9,43.3,94.1,82.1,critical
110.6,71.0,98.8,99.4,normal
97.0,65.9,99.0,95.1,normal
88.2,55.3,99.3,90.4,at_risk
127.3,57.1,96.6,93.8,at_risk
118.6,76.7,98.4,99.6,normal
99.4,65.0,97.5,96.6,normal
86.9,59.7,95.9,93.9,at_risk
89.3,59.9,100.4,93.0,at_risk
104.7,63.2,98.0,98.7,normal
118.5,63.9,97.1,98.2,normal
75.3,49.8,103.5,84.7,critical
86.1,57.6,100.6,93.8,at_risk
86.1,57.9,96.3,93.0,at_risk
105.4,65.0,98.1,99.9,normal
153.5,42.6,105.5,79.9,critical
110.6,78.9,97.2,95.5,normal
145.5,45.2,104.5,70.4,critical
105.0,72.7,98.9,96.0,normal
121.9,56.2,95.1,92.7,at_risk
103.1,69.2,98.1,95.7,normal
86.4,90.0,96.2,91.5,critical
135.8,81.8,95.7,93.6,at_risk
113.1,68.9,98.5,98.6,normal
99.5,69.4,98.9,96.7,normal
88.6,80.6,95.6,93.7,at_risk
66.7,42.2,93.8,79.4,critical
102.5,79.0,98.0,97.8,normal
79.2,97.4,105.4,74.9,critical
88.6,59.6,99.3,91.1,at_risk
107.2,60.0,98.8,95.0,normal
129.4,55.2,99.4,90.3,at_risk
112.3,61.0,98.5,99.8,normal
99.8,70.9,97.4,98.8,normal
102.3,60.0,97.5,96.1,normal
98.7,71.9,97.5,99.2,normal
100.3,61.1,98.5,97.5,normal
100.5,80.0,98.6,96.7,normal
128.3,80.2,100.6,92.3,at_risk
75.7,42.0,92.4,81.8,critical
133.9,56.9,99.4,92.8,at_risk
88.8,86.1,96.5,91.5,at_risk
89.8,84.9,100.3,93.3,at_risk
111.4,76.4,98.6,98.9,normal
97.0,66.1,97.1,97.5,normal
108.9,66.0,98.0,96.7,normal
111.2,73.5,98.7,99.4,normal
133.7,59.2,95.4,93.3,at_risk
89.8,86.8,96.7,92.8,at_risk
139.4,87.2,95.7,91.8,at_risk
105.3,78.2,97.3,96.2,normal
122.3,59.7,96.6,92.3,at_risk
143.8,105.0,92.3,70.6,critical
86.4,56.0,96.1,92.5,at_risk
77.9,98.3,92.9,70.6,critical
122.3,56.8,95.9,90.9,at_risk
173.0,100.9,93.7,72.1,critical
97.0,65.7,98.3,100.0,normal
106.8,69.0,97.4,98.1,normal
88.8,55.5,99.8,91.5,at_risk
99.0,71.5,98.1,95.9,normal
139.5,83.5,96.1,91.5,at_risk
132.5,84.2,100.0,93.4,at_risk
119.5,67.5,98.2,95.4,normal
115.1,69.5,98.8,97.9,normal
69.1,94.1,105.6,85.9,critical
121.9,85.1,96.5,91.5,at_risk
88.4,84.4,96.8,93.0,at_risk
133.9,57.7,99.6,93.5,at_risk
113.4,60.5,98.9,99.9,normal
97.7,73.2,97.1,97.4,normal
106.8,60.4,97.1,95.1,normal
86.2,85.9,100.6,90.2,at_risk
89.3,58.4,95.6,92.0,at_risk
88.6,59.3,96.5,92.8,at_risk
150.8,40.1,93.8,84.9,critical
137.0,56.9,96.8,92.5,at_risk
123.2,85.2,100.3,90.2,at_risk
105.2,66.4,97.5,96.7,normal
105.1,78.1,97.4,98.4,normal
103.8,66.4,98.9,97.1,normal
85.7,57.7,95.7,90.5,at_risk
69.4,41.7,94.8,72.1,critical
101.2,63.4,98.3,97.1,normal
120.9,83.3,96.3,93.5,at_risk
100.2,72.3,97.4,97.5,normal
100.8,65.8,97.9,96.7,normal
113.4,63.4,98.3,98.4,normal
63.2,96.9,103.8,86.1,critical
100.4,70.9,98.7,99.8,normal
120.1,81.7,99.7,91.8,at_risk
114.1,76.2,97.1,96.2,normal
87.4,89.0,99.5,92.6,at_risk
121.5,59.2,96.6,92.5,at_risk
117.5,79.2,97.8,97.1,normal
77.1,99.2,92.8,87.2,critical
97.1,74.0,97.4,96.6,normal
103.3,65.6,98.5,98.5,normal
73.9,112.8,94.2,86.9,critical
145.9,49.6,93.9,75.0,critical
137.0,57.9,100.7,93.6,at_risk
138.1,57.0,95.3,92.8,at_risk
62.7,96.6,93.3,77.3,critical
70.2,45.0,104.3,81.7,critical
141.7,45.5,105.7,85.2,critical
129.0,86.9,99.8,93.2,at_risk
118.4,65.0,97.3,97.5,normal
95.9,69.9,97.4,95.0,normal
106.9,67.9,97.3,97.9,normal
87.0,59.5,95.5,93.7,at_risk
134.8,55.9,96.4,90.2,at_risk
117.5,70.5,98.6,97.8,normal
69.7,46.5,94.5,82.8,critical
101.0,78.9,97.6,95.1,normal
114.4,75.1,97.8,95.8,normal
126.6,82.7,100.2,90.5,at_risk
164.2,47.8,93.1,77.2,critical
116.3,79.6,97.1,97.9,normal
89.3,86.4,99.7,91.9,at_risk
134.1,59.7,96.7,91.2,at_risk
88.5,82.0,100.8,93.2,at_risk
108.1,68.1,97.4,98.1,normal
71.0,104.4,94.7,88.4,critical
133.0,86.5,96.9,90.2,at_risk
115.0,78.2,97.3,96.2,normal
86.5,55.5,96.9,92.1,at_risk
135.8,87.2,95.6,90.0,at_risk
137.3,85.0,100.4,92.0,at_risk
113.4,76.8,98.3,95.8,normal
102.5,60.7,98.7,98.5,normal
137.8,58.3,99.3,90.9,at_risk
106.8,64.1,97.9,96.4,normal
139.8,58.1,95.6,93.2,at_risk
137.7,89.0,96.4,92.8,at_risk
117.4,66.3,97.7,99.6,normal
99.8,68.4,98.4,98.2,normal
85.6,85.2,99.9,93.0,at_risk
123.4,58.9,100.7,93.8,at_risk
85.7,81.9,96.8,91.5,at_risk
78.6,47.8,105.3,74.3,critical
123.9,82.5,95.3,92.2,at_risk
111.8,68.1,98.1,97.9,normal
103.5,60.4,98.7,98.8,normal
104.1,68.4,97.7,99.0,normal
135.3,83.8,100.3,91.2,at_risk
74.9,43.6,103.5,86.3,critical
86.9,88.4,100.0,93.1,at_risk
99.8,69.7,98.9,95.9,normal
160.9,42.2,93.2,85.5,critical
89.2,59.4,100.1,93.7,at_risk
123.1,86.1,95.4,92.8,at_risk
70.9,95.6,106.0,82.5,critical
108.6,79.2,98.3,95.2,normal
147.8,118.0,94.6,77.5,critical
103.1,68.3,97.5,97.6,normal
97.6,63.8,98.8,98.1,normal
104.2,69.9,98.3,97.9,normal
171.3,49.7,92.8,85.6,critical
113.1,75.5,98.0,98.9,normal
107.9,73.7,97.3,96.4,normal
87.5,58.6,95.7,90.0,at_risk
155.1,93.6,104.5,87.1,critical
150.8,43.1,92.6,79.0,critical
109.5,66.7,97.8,96.3,normal
85.7,57.4,95.7,90.0,at_risk
178.0,46.3,92.3,71.4,critical
129.2,57.4,96.2,93.8,at_risk
168.3,47.3,92.6,84.5,critical
111.0,72.4,97.8,98.3,normal
111.1,72.1,97.4,99.1,normal
61.5,41.0,94.9,73.1,critical
87.7,57.6,99.3,93.5,at_risk
86.7,59.3,100.8,94.0,at_risk
109.8,65.6,97.2,97.8,normal
109.6,71.2,98.1,95.6,normal
115.3,66.3,97.9,97.5,normal
62.0,47.8,94.3,88.0,critical
113.3,64.9,97.8,100.0,normal
117.0,78.9,98.4,95.0,normal
79.6,112.1,104.5,82.7,critical
181.1,43.1,93.0,80.2,critical
103.9,72.3,97.7,97.7,normal
103.6,74.1,98.2,95.5,normal
142.5,40.6,92.1,83.5,critical
116.3,69.1,99.0,95.0,normal
102.5,60.5,98.6,95.3,normal
121.1,57.5,100.8,91.4,at_risk
119.7,66.2,98.0,97.7,normal
88.0,59.5,95.8,93.4,at_risk
133.6,55.6,99.5,92.3,at_risk
87.1,55.9,99.3,90.1,at_risk
111.6,62.6,97.5,97.7,normal
154.4,44.3,104.7,73.6,critical
126.6,86.0,100.1,93.7,at_risk
72.7,48.0,104.5,71.5,critical
102.5,71.8,97.9,96.5,normal
69.4,46.4,93.5,85.2,critical
107.1,69.2,97.7,99.1,normal
105.4,68.6,97.9,99.3,normal
97.6,72.4,97.3,95.4,normal
100.5,67.2,97.5,95.5,normal
120.5,58.3,96.4,93.8,at_risk
169.3,41.9,104.2,79.0,critical
64.4,44.5,104.7,74.0,critical
133.5,83.4,100.2,90.3,at_risk
127.7,55.6,100.2,90.9,at_risk
102.8,74.1,97.5,97.8,normal
87.1,84.5,99.1,90.1,at_risk
115.3,78.4,97.8,99.4,normal
100.5,76.9,98.8,96.1,normal
97.3,65.2,98.5,97.5,normal
89.5,60.0,96.6,93.1,at_risk
107.9,66.6,97.2,96.7,normal
124.6,58.4,100.2,90.4,at_risk
110.2,74.6,98.3,97.4,normal
119.0,63.4,98.3,99.6,normal
124.4,59.5,95.1,92.6,at_risk
110.9,73.8,97.8,95.5,normal
136.0,59.2,100.8,92.3,at_risk
139.4,84.9,100.1,92.6,at_risk
87.7,56.3,99.7,94.0,at_risk
89.0,87.5,95.9,92.9,at_risk
132.3,86.9,100.3,91.5,at_risk
89.3,58.4,95.3,90.1,at_risk
100.4,69.8,98.0,96.7,normal
86.1,59.2,100.1,92.2,at_risk
79.2,111.7,94.7,73.3,critical
99.1,61.8,98.1,96.6,normal
72.1,113.0,94.8,84.1,critical
104.3,77.4,98.9,97.3,normal
101.4,64.7,97.5,97.5,normal
122.5,56.4,100.2,91.8,at_risk
132.3,87.0,100.7,91.9,at_risk
156.7,46.8,94.4,82.7,critical
136.4,82.2,100.3,92.6,at_risk
170.0,99.8,104.6,88.4,critical
103.4,67.6,98.5,96.1,normal
117.8,62.3,98.5,98.5,normal
112.2,71.4,97.6,96.6,normal
70.3,42.8,93.0,88.1,critical
102.6,60.7,97.8,99.2,normal
151.8,44.0,94.4,78.5,critical
116.6,65.8,97.0,96.6,normal
60.6,44.4,92.6,72.9,critical
102.1,62.5,97.6,98.6,normal
115.9,69.4,97.6,97.1,normal
130.3,57.9,96.5,92.2,at_risk
152.9,116.7,92.6,75.3,critical
111.6,69.7,97.0,95.6,normal
121.3,56.1,100.0,93.1,at_risk
96.4,69.9,97.6,95.0,normal
100.5,65.8,98.8,97.1,normal
89.1,88.6,99.8,92.6,at_risk
106.5,79.9,98.4,97.7,normal
120.9,87.4,99.5,93.2,at_risk
165.6,112.3,94.7,70.2,critical
170.6,101.5,94.9,82.1,critical
95.5,74.5,98.7,97.0,normal
111.2,65.9,97.3,97.6,normal
130.3,84.6,95.2,93.2,at_risk
102.2,75.3,98.9,99.6,normal
107.6,61.9,98.9,96.1,normal
117.2,79.4,98.4,95.6,normal
136.3,56.0,96.4,92.7,at_risk
108.1,70.7,97.1,99.8,normal
62.6,94.7,104.0,75.4,critical
60.9,44.4,104.4,71.2,critical
116.6,64.4,98.2,98.1,normal
114.0,77.3,97.6,99.4,normal
115.0,72.8,98.2,96.2,normal
117.8,69.3,98.2,99.7,normal
89.5,87.2,95.2,91.3,at_risk
104.5,71.9,98.3,98.2,normal
72.7,41.7,103.6,74.9,critical
111.1,73.0,98.9,96.5,normal
110.4,71.3,98.4,99.4,normal
123.0,59.6,100.1,91.6,at_risk
109.3,67.2,97.7,98.4,normal
135.0,88.4,95.5,91.2,at_risk
110.5,69.8,98.5,97.1,normal
159.9,108.2,94.1,78.2,critical
109.9,72.1,97.0,95.6,normal
111.9,71.5,98.5,98.7,normal
66.9,99.9,94.7,86.9,critical
120.6,83.7,99.6,93.2,at_risk
78.5,43.1,103.6,82.6,critical
117.6,75.1,97.2,95.8,normal
103.0,68.7,98.0,99.3,normal
105.7,68.2,98.9,96.2,normal
98.6,70.4,97.8,98.8,normal
98.2,67.7,98.8,97.0,normal
65.6,49.2,92.6,78.8,critical
86.9,81.9,99.2,92.2,at_risk
126.7,58.1,95.6,90.5,at_risk
119.2,73.5,97.1,95.7,normal
89.0,81.7,96.2,92.6,at_risk
116.7,75.1,97.5,99.0,normal
174.9,40.6,103.3,79.9,critical
134.1,89.0,99.7,93.3,at_risk
126.9,59.4,99.5,91.7,at_risk
103.8,77.7,97.1,99.9,normal
118.6,71.0,98.4,95.9,normal
137.6,82.7,99.3,91.2,at_risk
109.0,62.1,98.8,99.1,normal
139.8,87.4,95.4,93.9,at_risk
103.8,72.0,98.0,96.1,normal
88.3,55.4,100.0,93.0,at_risk
87.9,87.1,99.7,91.8,at_risk
98.8,69.2,98.8,95.9,normal
139.2,84.8,100.2,93.2,at_risk
66.4,47.8,94.9,84.9,critical
85.2,88.9,96.1,91.3,at_risk
104.6,76.4,98.6,99.9,normal
134.7,87.7,100.4,92.3,at_risk
126.6,56.7,100.8,92.2,at_risk
86.5,86.4,95.7,91.1,at_risk
135.8,59.4,95.3,91.0,at_risk
130.4,82.3,100.2,91.3,at_risk
110.7,78.3,97.9,98.1,normal
88.1,58.3,95.7,92.3,at_risk
99.9,68.7,98.0,97.5,normal
67.6,46.9,105.3,76.7,critical
95.8,78.3,97.1,98.5,normal
87.8,81.7,96.7,90.1,at_risk
61.0,96.3,92.4,78.2,critical
89.7,58.2,99.6,93.4,at_risk
62.1,103.5,94.5,83.4,critical
144.4,47.5,104.2,72.3,critical
89.9,80.2,99.2,91.0,at_risk
103.0,72.3,98.9,97.8,normal
89.2,84.7,99.4,91.6,at_risk
118.0,62.5,97.7,95.4,normal
66.7,41.0,105.7,86.6,critical
153.8,41.5,105.8,80.4,critical
124.1,86.9,95.3,93.7,at_risk
106.0,63.7,97.3,96.0,normal
86.6,85.6,95.8,93.4,at_risk
79.9,49.4,106.0,81.2,critical
120.2,57.3,100.5,92.5,at_risk
108.7,62.6,97.8,96.8,normal
89.7,58.8,100.2,94.0,at_risk
95.0,71.9,98.9,98.2,normal
108.5,78.2,97.0,95.8,normal
184.7,100.2,94.1,75.2,critical
79.4,42.1,92.6,79.7,critical
88.7,59.0,100.4,91.2,at_risk
86.6,85.9,95.4,90.4,at_risk
105.7,79.3,98.3,98.9,normal
98.6,65.1,97.5,97.9,normal
116.4,79.8,97.7,98.5,normal
123.9,89.2,95.9,92.6,at_risk
177.7,110.6,105.2,84.2,critical
149.7,116.5,103.1,72.7,critical
110.6,75.3,98.2,95.2,normal
104.3,74.1,98.2,95.2,normal
89.4,56.4,96.5,93.7,at_risk
86.6,55.2,95.4,90.3,at_risk
97.5,76.0,97.1,99.5,normal
150.4,48.8,92.9,83.0,critical
85.1,58.2,100.8,91.2,at_risk
123.5,59.1,96.3,92.4,at_risk
110.2,73.5,97.1,99.1,normal
143.2,47.4,93.7,87.2,critical
182.6,106.6,104.6,74.7,critical
119.2,77.7,97.6,99.1,normal
99.9,63.6,97.2,99.3,normal
89.2,57.0,100.4,91.1,at_risk
68.8,40.2,94.2,76.6,critical
104.5,71.3,97.2,99.9,normal
186.7,90.5,103.3,86.3,critical
86.3,81.8,95.2,92.5,at_risk
131.6,87.5,96.3,91.0,at_risk
114.9,73.8,98.9,95.5,normal
85.0,55.8,95.2,93.5,at_risk
76.8,103.9,105.6,70.4,critical
129.3,85.5,100.1,92.4,at_risk
116.1,79.6,97.2,95.1,normal
123.8,84.2,99.2,92.5,at_risk
99.3,67.0,98.9,95.4,normal
86.8,82.9,100.7,91.8,at_risk
114.3,72.8,98.4,97.4,normal
160.5,45.3,92.3,83.3,critical
115.5,75.0,99.0,95.7,normal
87.3,84.1,100.4,93.2,at_risk
112.7,79.8,97.8,99.0,normal
102.0,78.7,97.1,96.1,normal
128.0,87.3,100.0,90.5,at_risk
87.5,82.0,95.4,92.0,at_risk
119.9,67.1,98.3,99.4,normal
131.3,86.6,100.7,90.5,at_risk
187.2,102.5,92.9,75.3,critical
85.4,56.4,96.0,90.5,at_risk
120.8,80.3,100.5,93.8,at_risk
184.4,100.8,104.9,76.9,critical
102.3,75.3,97.8,99.4,normal
183.0,42.6,105.9,80.8,critical
117.5,60.8,97.1,99.4,normal
95.1,63.6,98.6,99.0,normal
111.7,70.1,98.8,95.3,normal
148.5,47.2,104.6,84.5,critical
136.1,58.5,95.4,92.6,at_risk
118.6,66.9,98.2,98.8,normal
67.2,110.0,92.4,72.3,critical
134.5,57.6,96.0,90.5,at_risk
114.3,75.0,98.7,95.5,normal
115.8,74.4,98.6,99.9,normal
166.0,49.0,92.3,82.1,critical
89.7,85.2,100.8,93.5,at_risk
86.5,84.9,99.5,92.4,at_risk
128.8,80.6,99.3,90.2,at_risk
96.9,71.6,98.8,97.8,normal
85.1,57.3,95.4,91.2,at_risk
113.1,79.2,98.1,99.1,normal
120.8,56.6,95.3,91.5,at_risk
155.6,44.0,93.0,76.5,critical
134.7,56.3,100.1,92.7,at_risk
110.4,79.6,97.1,97.5,normal
120.9,60.0,99.8,90.0,at_risk
114.7,62.1,97.6,97.8,normal
89.9,87.4,96.0,92.2,at_risk
111.8,68.3,98.6,98.6,normal
89.1,59.7,99.7,90.5,at_risk
116.9,71.1,98.5,97.1,normal
111.2,72.7,97.1,95.9,normal
128.9,80.3,100.3,91.0,at_risk
112.7,77.1,97.3,96.9,normal
97.7,73.0,98.9,98.4,normal
78.0,42.6,104.1,70.6,critical
95.7,60.0,98.6,96.6,normal
126.0,81.9,96.5,91.1,at_risk
85.2,59.2,99.1,93.7,at_risk
104.9,64.8,98.7,95.6,normal
95.2,71.9,98.3,96.2,normal
86.6,55.3,95.8,93.1,at_risk
167.2,104.0,93.1,84.8,critical
97.0,64.1,99.0,99.0,normal
153.6,109.7,104.2,83.9,critical
70.6,45.7,92.9,88.6,critical
101.9,79.1,97.4,95.9,normal
61.9,42.9,105.1,77.3,critical
139.7,57.0,100.4,93.1,at_risk
95.0,61.1,97.9,95.3,normal
113.2,69.6,98.0,98.0,normal
85.9,55.6,99.3,93.8,at_risk
102.6,67.3,98.0,98.4,normal
139.0,57.5,100.4,91.2,at_risk
86.2,57.7,95.3,91.3,at_risk
180.7,41.8,94.7,80.9,critical
63.5,47.7,93.1,74.6,critical
85.9,55.8,99.4,92.9,at_risk
102.8,73.3,97.4,99.8,normal
113.7,76.1,97.7,95.8,normal
119.6,74.5,97.9,96.3,normal
111.8,79.1,97.2,98.8,normal
114.8,67.4,98.4,99.6,normal
138.4,85.8,96.8,93.2,at_risk
113.2,78.9,98.0,96.7,normal
85.9,86.8,96.8,92.8,at_risk
127.5,56.7,95.3,91.1,at_risk
165.1,44.9,93.2,86.0,critical
138.4,59.7,95.1,92.2,at_risk
61.7,41.4,92.6,82.0,critical
88.8,57.1,100.0,91.7,at_risk
85.5,87.9,99.9,93.3,at_risk
75.3,46.3,104.7,88.3,critical
111.6,63.4,98.6,95.8,normal
107.3,71.9,98.1,95.5,normal
118.1,77.4,98.2,97.9,normal
100.0,65.1,98.0,98.7,normal
87.2,59.7,100.0,92.7,at_risk
116.6,66.9,98.7,98.8,normal
98.9,75.6,97.8,99.7,normal
174.7,42.8,104.1,87.3,critical
98.2,65.9,98.2,99.2,normal
117.9,64.9,98.4,98.7,normal
95.7,67.3,97.1,99.5,normal
74.5,49.3,104.7,85.5,critical
117.4,77.7,97.3,97.5,normal
102.0,76.2,99.0,99.6,normal
118.2,76.5,98.7,99.6,normal
124.2,56.9,100.0,92.6,at_risk
116.0,78.3,97.8,99.1,normal
98.5,66.3,97.7,97.0,normal
105.3,74.2,97.5,95.1,normal
85.3,59.7,100.7,93.7,at_risk
98.6,66.4,98.7,95.9,normal
134.3,55.3,96.2,91.0,at_risk
122.4,89.4,96.3,92.6,at_risk
153.7,48.5,103.1,85.7,critical
99.6,73.5,97.2,97.1,normal
109.9,60.5,98.3,98.4,normal
85.5,81.7,99.1,91.0,at_risk
118.2,76.5,97.5,98.0,normal
138.0,57.2,100.2,92.2,at_risk
72.6,93.0,92.6,71.2,critical
87.3,55.0,100.5,93.6,at_risk
103.6,62.0,97.7,95.3,normal
180.4,105.2,92.8,73.3,critical
105.2,67.4,98.4,96.3,normal
96.4,60.2,97.1,99.3,normal
85.1,82.5,95.8,93.5,at_risk
106.4,64.6,98.4,99.9,normal
66.3,40.4,92.9,83.6,critical
85.4,86.3,100.3,91.5,at_risk
103.1,71.1,97.8,96.3,normal
74.0,48.2,94.2,88.9,critical
97.9,60.4,97.4,95.9,normal
147.8,112.3,104.8,82.9,critical
184.4,42.8,93.7,73.6,critical
121.5,55.4,95.6,91.1,at_risk
137.9,88.6,96.2,92.0,at_risk
62.8,43.0,92.7,86.7,critical
86.1,58.0,100.0,93.7,at_risk
88.1,58.9,96.2,91.3,at_risk
89.6,81.0,95.7,92.0,at_risk
113.4,70.2,97.3,98.4,normal
89.0,81.3,95.4,91.4,at_risk
132.7,88.4,96.0,91.2,at_risk
136.1,88.0,96.2,92.3,at_risk
174.5,42.1,106.0,70.2,critical
100.1,62.9,98.4,97.8,normal
123.8,57.4,99.4,93.8,at_risk
138.3,56.8,96.2,92.2,at_risk
116.4,72.4,97.5,96.9,normal
109.8,71.7,98.7,99.3,normal
167.4,110.6,93.5,88.2,critical
116.9,75.3,97.7,95.5,normal
122.7,55.9,96.3,92.5,at_risk
103.6,68.4,97.7,99.2,normal
187.5,104.3,94.5,77.0,critical
85.9,56.8,100.8,93.8,at_risk
62.0,48.6,105.9,74.1,critical
89.4,82.9,95.4,91.1,at_risk
183.1,46.5,103.6,72.9,critical
103.9,74.6,98.2,99.6,normal
96.5,70.7,97.0,98.9,normal
129.8,83.5,99.3,91.4,at_risk
77.9,40.4,106.0,85.2,critical
62.5,45.4,93.2,79.0,critical
87.2,80.7,96.2,93.4,at_risk
95.3,65.2,97.9,98.5,normal
108.4,70.5,97.3,98.1,normal
115.2,73.8,97.2,97.4,normal
121.7,56.2,100.1,92.9,at_risk
118.3,79.7,97.7,98.0,normal
88.5,56.7,96.1,92.6,at_risk
114.5,70.3,98.3,98.9,normal
76.2,91.4,92.3,83.5,critical
96.9,75.0,98.5,96.4,normal
178.2,119.8,103.7,77.4,critical
60.2,107.7,94.4,75.2,critical
124.7,85.9,95.9,90.5,at_risk
111.7,67.5,98.2,100.0,normal
157.7,109.1,104.1,79.4,critical
88.8,56.3,96.0,91.2,at_risk
119.9,78.0,98.3,99.5,normal
173.8,109.3,93.3,73.6,critical
116.2,76.8,97.4,95.7,normal
167.1,114.8,92.3,78.2,critical
122.7,89.7,100.0,92.1,at_risk
187.5,42.3,105.2,73.3,critical
183.7,44.5,92.7,74.6,critical
70.2,49.5,93.0,81.1,critical
117.8,72.2,98.4,95.0,normal
128.6,86.3,100.3,92.8,at_risk
89.4,58.1,95.9,92.5,at_risk
115.9,71.0,98.0,99.9,normal
108.2,73.6,97.3,96.8,normal
69.9,41.8,105.6,82.1,critical
130.5,58.4,95.7,92.8,at_risk
124.4,57.5,99.3,91.1,at_risk
101.3,67.2,98.4,96.6,normal
62.7,49.6,92.2,84.2,critical
137.3,80.7,96.5,91.1,at_risk
75.4,47.2,103.1,73.2,critical
87.3,58.3,99.7,91.9,at_risk
122.1,55.2,96.3,91.6,at_risk
68.3,101.3,93.3,78.9,critical
126.0,57.8,100.4,91.4,at_risk
142.5,113.4,93.7,88.9,critical
117.1,63.4,97.7,95.7,normal
132.8,88.8,95.7,90.4,at_risk
118.6,78.2,97.9,95.7,normal
104.4,64.2,97.2,98.4,normal
88.9,87.5,100.8,92.6,at_risk
119.0,62.6,99.0,95.1,normal
125.0,83.1,100.2,92.8,at_risk
88.3,83.0,96.2,91.8,at_risk
107.3,67.3,97.5,95.8,normal
122.8,81.2,95.6,94.0,at_risk
137.0,58.2,100.4,91.2,at_risk
62.1,110.4,93.8,85.2,critical
131.6,56.3,96.8,93.3,at_risk
102.5,77.7,98.3,99.0,normal
119.9,62.8,98.9,99.5,normal
131.7,58.7,99.2,90.9,at_risk
177.5,46.3,105.2,71.2,critical
88.2,59.6,99.9,91.3,at_risk
109.8,77.7,98.3,96.2,normal
171.6,45.6,92.4,77.8,critical
102.5,66.8,97.0,96.5,normal
123.5,57.9,100.6,90.9,at_risk
85.6,57.4,95.3,90.4,at_risk
119.8,73.2,98.6,99.8,normal
99.1,78.6,98.1,98.2,normal
115.4,70.3,98.7,100.0,normal
130.6,56.6,96.3,93.0,at_risk
96.6,76.7,98.2,95.9,normal
66.7,117.1,93.7,80.7,critical
105.1,76.8,97.1,95.1,normal
106.7,71.6,98.2,98.7,normal
101.6,64.9,97.3,96.2,normal
88.8,56.3,100.2,90.3,at_risk
89.6,89.1,100.6,90.5,at_risk
86.2,55.2,99.8,93.6,at_risk
138.1,83.9,100.5,92.1,at_risk
108.9,69.6,97.4,95.1,normal
101.5,69.7,98.5,97.2,normal
151.1,40.3,94.4,88.7,critical
96.4,63.9,98.8,98.5,normal
122.5,81.1,100.3,90.5,at_risk
89.1,55.3,99.3,91.9,at_risk
97.0,72.2,97.4,98.5,normal
85.7,57.2,96.0,90.2,at_risk
88.5,81.5,95.4,93.0,at_risk
86.1,84.7,95.8,90.8,at_risk
85.2,55.0,96.5,93.8,at_risk
187.0,46.2,105.4,82.5,critical
127.6,57.0,95.2,91.2,at_risk
105.5,69.0,98.2,96.3,normal
87.8,88.3,96.3,91.9,at_risk
104.6,79.8,97.3,97.7,normal
162.7,95.1,104.0,87.5,critical
182.3,100.3,93.6,74.4,critical
89.6,58.1,100.4,92.3,at_risk
102.4,66.9,98.0,99.9,normal
137.0,59.2,96.4,93.6,at_risk
114.9,79.8,98.3,99.9,normal
123.1,82.7,99.4,90.4,at_risk
119.3,62.7,98.8,98.5,normal
107.1,70.4,98.9,97.1,normal
97.8,72.8,97.4,95.4,normal
153.5,115.1,92.3,70.0,critical
112.0,70.9,98.6,95.8,normal
123.9,84.1,99.8,92.9,at_risk
87.2,81.2,95.2,92.0,at_risk
139.2,56.3,100.5,91.6,at_risk
119.2,68.9,98.9,96.5,normal
104.9,70.9,98.2,96.2,normal
129.9,82.8,99.2,92.9,at_risk
96.5,66.1,97.6,99.5,normal
150.5,105.8,103.3,79.3,critical
110.7,63.9,97.5,99.3,normal
75.4,105.9,103.3,76.0,critical
133.1,57.6,95.3,92.7,at_risk
66.1,102.1,92.9,79.6,critical
102.1,66.5,97.2,96.8,normal
86.4,57.5,100.1,90.1,at_risk
114.7,76.8,98.0,96.2,normal
86.3,83.8,96.0,91.0,at_risk
95.1,69.8,98.9,96.4,normal
110.5,61.1,98.0,96.9,normal
85.5,56.9,95.5,93.5,at_risk
101.3,70.9,97.2,97.7,normal
104.6,75.8,98.3,97.2,normal
135.3,89.4,99.4,92.3,at_risk
111.4,62.7,97.7,97.0,normal
126.2,83.6,96.7,91.7,at_risk
110.5,77.6,98.5,99.9,normal
100.6,70.8,97.5,95.2,normal
102.2,65.3,98.9,96.2,normal
98.1,76.1,98.4,95.6,normal
113.7,65.5,99.0,97.7,normal
116.5,66.4,97.6,96.6,normal
86.9,57.4,96.1,93.6,at_risk
100.4,71.2,98.3,96.8,normal
85.7,85.6,95.2,90.8,at_risk
112.2,68.6,98.3,99.1,normal
109.2,75.6,98.4,97.7,normal
105.2,68.7,97.7,98.5,normal
119.2,75.6,97.6,95.2,normal
89.8,58.3,96.4,93.1,at_risk
126.2,55.2,96.8,92.4,at_risk
87.4,56.8,99.2,93.2,at_risk
110.6,69.5,99.0,96.9,normal
160.2,93.2,93.2,72.2,critical
137.2,88.2,96.6,90.8,at_risk
74.0,117.9,93.4,83.2,critical
136.2,87.3,99.3,92.1,at_risk
109.3,67.8,97.1,97.2,normal
96.7,65.9,97.6,96.8,normal
105.7,61.8,97.0,98.7,normal
110.3,66.1,99.0,96.6,normal
87.6,56.1,100.9,93.2,at_risk
78.1,106.2,104.9,78.4,critical
183.0,49.8,105.6,78.9,critical
108.6,72.5,99.0,95.2,normal
85.7,83.8,100.0,90.3,at_risk
107.9,79.3,98.7,99.6,normal
169.5,48.2,104.7,72.9,critical
86.0,89.8,96.8,90.1,at_risk
100.4,67.5,97.6,99.1,normal
86.9,87.4,99.6,90.5,at_risk
87.9,56.5,95.4,90.6,at_risk
106.6,72.8,98.2,97.6,normal
136.9,83.7,100.3,90.1,at_risk
187.1,101.5,104.1,73.7,critical
86.2,88.1,99.5,93.0,at_risk
132.8,83.0,96.9,90.8,at_risk
71.3,97.0,105.3,76.0,critical
166.8,45.9,104.4,76.0,critical
117.4,62.9,98.2,98.9,normal
116.1,75.4,98.0,95.6,normal
70.3,107.5,93.2,70.0,critical
73.8,94.1,105.8,77.4,critical
141.9,99.2,103.9,81.1,critical
87.5,89.7,100.1,92.5,at_risk
119.7,67.1,98.3,99.1,normal
102.5,64.0,98.6,99.0,normal
95.1,68.5,98.4,98.1,normal
102.5,69.5,97.0,95.4,normal
110.6,64.4,97.8,98.1,normal
167.5,110.7,93.8,88.2,critical
106.5,67.9,98.5,96.5,normal
139.9,58.9,95.4,91.6,at_risk
89.0,80.7,95.9,93.8,at_risk
98.8,79.7,98.5,97.1,normal
144.6,95.7,92.9,75.5,critical
77.8,41.8,93.3,70.6,critical
115.8,68.9,97.3,99.8,normal
115.0,63.9,97.8,97.5,normal
86.1,82.0,100.9,91.0,at_risk
123.5,57.5,95.6,93.9,at_risk
88.0,58.2,100.1,91.7,at_risk
116.5,79.9,98.7,97.8,normal
118.9,77.2,98.7,97.0,normal
98.0,78.8,98.9,96.3,normal
87.0,57.8,96.5,91.1,at_risk
107.5,61.4,97.8,96.8,normal
116.5,67.7,99.0,99.5,normal
107.6,72.0,98.6,99.4,normal
87.4,55.2,95.2,90.3,at_risk
125.2,87.6,99.3,91.4,at_risk
87.8,87.7,95.8,92.2,at_risk
183.9,116.6,93.7,83.9,critical
112.4,68.2,98.7,99.0,normal
99.6,74.4,98.1,97.8,normal
86.2,87.8,99.6,90.6,at_risk
125.0,58.3,96.2,91.4,at_risk
148.7,104.2,93.0,81.9,critical
88.3,58.5,100.3,90.9,at_risk
98.0,73.0,98.5,98.4,normal
66.4,109.5,94.5,74.9,critical
89.4,81.1,99.2,91.6,at_risk
119.6,65.1,97.0,97.6,normal
101.5,72.7,97.7,97.0,normal
109.7,62.4,97.4,98.6,normal
99.1,71.5,97.4,96.4,normal
88.7,56.2,95.4,92.3,at_risk
101.5,80.0,98.5,99.1,normal
96.5,74.3,97.4,97.1,normal
99.4,62.2,98.2,98.7,normal
101.9,73.2,97.8,98.5,normal
120.6,82.2,96.7,92.0,at_risk
119.5,69.9,98.5,98.5,normal
87.6,57.8,99.1,90.2,at_risk
61.3,114.5,104.4,76.9,critical
98.3,78.3,97.1,97.2,normal
173.0,115.5,94.6,85.0,critical
139.1,57.8,100.4,90.9,at_risk
97.7,60.3,97.8,95.9,normal
71.5,46.0,94.3,76.7,critical
168.8,45.0,94.6,73.5,critical
101.1,65.3,97.5,96.1,normal
86.6,56.7,96.4,90.3,at_risk
76.4,99.6,103.5,81.9,critical
85.5,56.5,99.9,93.0,at_risk
88.5,88.1,96.0,90.7,at_risk
112.0,70.0,98.9,96.1,normal
103.2,64.7,99.0,96.9,normal
159.5,116.0,93.3,77.0,critical
114.6,79.4,98.5,97.6,normal
70.9,47.7,103.2,71.2,critical
114.3,75.2,97.3,95.2,normal
88.8,59.2,99.6,93.9,at_risk
108.3,66.7,97.6,98.0,normal
113.3,60.5,98.9,97.8,normal
89.9,58.7,100.2,93.7,at_risk
106.6,66.3,97.7,97.0,normal
152.9,42.0,94.9,79.2,critical
187.2,103.0,94.3,72.6,critical
79.6,107.2,94.0,82.3,critical
89.7,58.6,99.3,93.9,at_risk
65.2,44.5,93.3,76.2,critical
86.5,58.1,95.7,91.2,at_risk
77.1,99.3,105.2,70.1,critical
116.8,70.7,98.2,99.2,normal
104.7,72.9,97.8,95.2,normal
85.1,56.2,95.8,91.1,at_risk
97.4,79.1,98.7,95.3,normal
109.5,64.6,98.9,98.8,normal
95.2,76.0,97.8,98.2,normal
98.6,73.5,97.9,96.2,normal
109.5,74.5,97.6,98.7,normal
103.5,74.9,98.3,96.4,normal
96.1,76.8,97.2,95.6,normal
106.1,75.8,97.5,97.7,normal
106.6,63.6,97.4,96.8,normal
87.1,57.5,100.7,92.3,at_risk
78.3,42.7,94.7,85.0,critical
61.8,109.6,92.2,82.4,critical
85.5,56.6,96.9,93.4,at_risk
139.8,58.4,95.7,91.1,at_risk
112.8,74.3,98.1,95.0,normal
187.8,42.5,94.9,86.9,critical
102.3,73.5,98.4,98.9,normal
73.7,49.4,103.5,71.5,critical
116.7,71.0,97.7,99.7,normal
77.4,44.3,93.0,71.6,critical
86.0,82.8,96.5,92.2,at_risk
115.3,61.8,97.9,97.2,normal
120.8,55.2,95.1,90.3,at_risk
138.6,57.3,95.4,90.3,at_risk
96.6,64.0,97.6,95.8,normal
99.6,63.0,97.6,97.0,normal
89.6,58.3,100.8,91.0,at_risk
107.9,72.1,97.9,96.9,normal
106.0,61.7,98.7,95.2,normal
97.5,75.5,97.6,95.6,normal
138.3,58.2,96.0,93.6,at_risk
108.4,77.9,97.9,97.2,normal
88.7,82.6,95.9,92.3,at_risk
105.2,72.7,98.4,98.9,normal
89.4,81.4,100.9,93.1,at_risk
177.1,46.2,94.3,75.2,critical
95.3,79.4,98.1,98.9,normal
113.7,71.3,97.8,99.9,normal
133.1,59.5,100.1,92.4,at_risk
117.5,80.0,98.4,96.2,normal
122.2,83.2,99.1,93.0,at_risk
171.0,44.5,92.8,74.5,critical
125.4,59.4,100.0,91.9,at_risk
117.1,70.7,98.2,100.0,normal
169.3,45.2,106.0,81.8,critical
116.8,76.8,97.1,95.6,normal
120.9,56.3,100.3,94.0,at_risk
100.3,65.4,98.2,98.7,normal
120.2,89.1,95.7,92.3,at_risk
86.4,88.8,95.7,91.5,at_risk
134.6,59.3,95.4,90.4,at_risk
131.1,86.4,99.2,93.8,at_risk
86.0,56.2,100.4,93.9,at_risk
101.2,73.5,98.6,96.7,normal
137.8,88.1,95.8,93.5,at_risk
99.9,60.3,97.3,96.3,normal
129.5,59.1,96.5,90.2,at_risk
99.5,65.5,98.5,97.2,normal
116.3,79.9,97.9,97.6,normal
104.6,67.4,98.9,98.3,normal
122.6,89.2,99.9,90.2,at_risk
115.4,66.0,98.8,96.1,normal
65.2,96.3,92.4,79.0,critical
133.8,57.0,99.5,93.6,at_risk
155.0,43.7,105.6,79.9,critical
130.6,84.7,96.7,93.9,at_risk
169.2,43.5,93.9,84.4,critical
85.7,59.0,100.5,94.0,at_risk
119.0,62.0,97.3,98.6,normal
135.3,86.0,95.9,91.4,at_risk
88.4,58.8,96.8,90.2,at_risk
105.2,67.1,97.7,95.5,normal
114.9,68.3,98.2,95.8,normal
117.0,66.6,97.7,99.4,normal
135.1,57.7,96.5,93.5,at_risk
159.2,106.1,104.5,73.1,critical
76.9,93.0,104.5,77.2,critical
77.3,42.8,105.2,84.2,critical
102.6,72.9,98.2,99.6,normal
130.8,55.8,100.8,91.6,at_risk
99.9,66.0,97.7,95.1,normal
65.8,41.9,105.7,86.4,critical
67.0,49.8,94.4,86.3,critical
96.2,77.3,98.0,99.2,normal
126.3,55.9,99.9,92.7,at_risk
111.6,69.1,98.3,96.6,normal
87.8,89.6,100.4,93.0,at_risk
122.2,81.9,95.7,93.1,at_risk
89.3,83.1,95.3,90.5,at_risk
138.6,56.8,96.5,91.1,at_risk
119.9,64.2,98.3,99.6,normal
136.0,82.8,96.6,93.8,at_risk
72.8,90.1,92.3,71.0,critical
140.1,47.3,105.7,72.2,critical
112.2,60.9,97.1,95.2,normal
130.7,58.2,95.7,93.8,at_risk
100.4,71.1,98.5,95.1,normal
115.6,70.1,97.8,99.7,normal
110.4,66.8,97.1,96.1,normal
88.0,55.2,95.9,93.0,at_risk
102.4,74.5,97.5,99.2,normal
105.1,62.0,97.3,96.4,normal
99.8,68.2,97.8,96.0,normal
103.0,74.9,98.0,99.7,normal
100.2,65.6,97.0,99.7,normal
107.0,63.2,98.7,98.5,normal
116.9,78.1,97.1,95.6,normal
109.5,64.4,98.7,97.3,normal
75.9,100.4,93.1,77.0,critical
156.2,117.4,105.4,82.4,critical
103.9,67.0,97.3,98.3,normal
114.5,65.0,97.6,96.7,normal
105.9,61.6,97.9,96.7,normal
111.5,75.4,97.7,96.3,normal
135.8,85.6,99.7,92.0,at_risk
